time,scenarioTime,distanceAlongRoad,speedInKmPerHour,speedLimit,speedOver,steering,throttle,brake,offsetFromLaneCenter,distanceToFrontVehicle,TTCToFrontVehicle,pedestriansNumber,scenarioMessage,collisionWithUser
0.00,0.00,0.00,50.00,50,false,0.000,0.200,0.000,0.100,30.00,,0,,
0.10,0.10,1.39,50.00,50,false,0.000,0.200,0.000,0.100,30.00,,0,,
0.20,0.20,2.78,50.00,50,false,0.000,0.200,0.000,0.100,30.00,,0,,
0.30,0.30,4.17,50.00,50,false,0.000,0.200,0.000,0.100,30.00,,0,,
0.40,0.40,5.56,50.00,50,false,0.000,0.200,0.000,0.100,30.00,,0,,
0.50,0.50,6.94,50.00,50,false,0.000,0.200,0.000,0.100,30.00,,0,,
0.60,0.60,8.33,50.00,50,false,0.000,0.200,0.000,0.100,30.00,,0,,
0.70,0.70,9.72,50.00,50,false,0.000,0.200,0.000,0.100,30.00,,0,,
0.80,0.80,11.11,50.00,50,false,0.000,0.200,0.000,0.100,30.00,,0,,
0.90,0.90,12.50,50.00,50,false,0.000,0.200,0.000,0.100,30.00,,0,,
1.00,1.00,13.89,50.00,50,false,0.000,0.200,0.000,0.100,30.00,,0,,
1.10,1.10,15.28,50.00,50,false,0.000,0.200,0.000,0.100,30.00,,0,,
1.20,1.20,16.67,50.00,50,false,0.000,0.200,0.000,0.100,30.00,,0,,
1.30,1.30,18.06,50.00,50,false,0.000,0.200,0.000,0.100,30.00,,0,,
1.40,1.40,19.44,50.00,50,false,0.000,0.200,0.000,0.100,30.00,,0,,
1.50,1.50,20.83,50.00,50,false,0.000,0.200,0.000,0.100,30.00,,0,,
1.60,1.60,22.22,50.00,50,false,0.000,0.200,0.000,0.100,30.00,,0,,
1.70,1.70,23.61,50.00,50,false,0.000,0.200,0.000,0.100,30.00,,0,,
1.80,1.80,25.00,50.00,50,false,0.000,0.200,0.000,0.100,30.00,,0,,
1.90,1.90,26.39,50.00,50,false,0.000,0.200,0.000,0.100,30.00,,0,,
2.00,2.00,27.78,50.00,50,false,0.000,0.200,0.000,0.100,30.00,,0,,
2.10,2.10,29.17,50.00,50,false,0.000,0.200,0.000,0.100,30.00,,0,,
2.20,2.20,30.56,50.00,50,false,0.000,0.200,0.000,0.100,30.00,,0,,
2.30,2.30,31.94,50.00,50,false,0.000,0.200,0.000,0.100,30.00,,0,,
2.40,2.40,33.33,50.00,50,false,0.000,0.200,0.000,0.100,30.00,,0,,
2.50,2.50,34.72,50.00,50,false,0.000,0.200,0.000,0.100,30.00,,0,,
2.60,2.60,36.11,50.00,50,false,0.000,0.200,0.000,0.100,30.00,,0,,
2.70,2.70,37.50,50.00,50,false,0.000,0.200,0.000,0.100,30.00,,0,,
2.80,2.80,38.89,50.00,50,false,0.000,0.200,0.000,0.100,30.00,,0,,
2.90,2.90,40.28,50.00,50,false,0.000,0.200,0.000,0.100,30.00,,0,,
3.00,3.00,41.67,50.00,50,false,0.000,0.200,0.000,0.100,30.00,,0,,
3.10,3.10,43.06,50.00,50,false,0.000,0.200,0.000,0.100,30.00,,0,,
3.20,3.20,44.44,50.00,50,false,0.000,0.200,0.000,0.100,30.00,,0,,
3.30,3.30,45.83,50.00,50,false,0.000,0.200,0.000,0.100,30.00,,0,,
3.40,3.40,47.22,50.00,50,false,0.000,0.200,0.000,0.100,30.00,,0,,
3.50,3.50,48.61,50.00,50,false,0.000,0.200,0.000,0.100,30.00,,0,,
3.60,3.60,50.00,50.00,50,false,0.000,0.200,0.000,0.100,30.00,,0,,
3.70,3.70,51.39,50.00,50,false,0.000,0.200,0.000,0.100,30.00,,0,,
3.80,3.80,52.78,50.00,50,false,0.000,0.200,0.000,0.100,30.00,,0,,
3.90,3.90,54.17,50.00,50,false,0.000,0.200,0.000,0.100,30.00,,0,,
4.00,4.00,55.56,50.00,50,false,0.000,0.200,0.000,0.100,30.00,,0,,
4.10,4.10,56.94,50.00,50,false,0.000,0.200,0.000,0.100,30.00,,0,,
4.20,4.20,58.33,50.00,50,false,0.000,0.200,0.000,0.100,30.00,,0,,
4.30,4.30,59.72,50.00,50,false,0.000,0.200,0.000,0.100,30.00,,0,,
4.40,4.40,61.11,50.00,50,false,0.000,0.200,0.000,0.100,30.00,,0,,
4.50,4.50,62.50,50.00,50,false,0.000,0.200,0.000,0.100,30.00,,0,,
4.60,4.60,63.89,50.00,50,false,0.000,0.200,0.000,0.100,30.00,,0,,
4.70,4.70,65.28,50.00,50,false,0.000,0.200,0.000,0.100,30.00,,0,,
4.80,4.80,66.67,50.00,50,false,0.000,0.200,0.000,0.100,30.00,,0,,
4.90,4.90,68.06,50.00,50,false,0.000,0.200,0.000,0.100,30.00,,0,,
5.00,5.00,69.44,50.00,50,false,0.000,0.200,0.000,0.100,30.00,,0,,
5.10,5.10,70.83,50.00,50,false,0.000,0.200,0.000,0.100,30.00,,0,,
5.20,5.20,72.22,50.00,50,false,0.000,0.200,0.000,0.100,30.00,,0,,
5.30,5.30,73.61,50.00,50,false,0.000,0.200,0.000,0.100,30.00,,0,,
5.40,5.40,75.00,50.00,50,false,0.000,0.200,0.000,0.100,30.00,,0,,
5.50,5.50,76.39,50.00,50,false,0.000,0.200,0.000,0.100,30.00,,0,,
5.60,5.60,77.78,50.00,50,false,0.000,0.200,0.000,0.100,30.00,,0,,
5.70,5.70,79.17,50.00,50,false,0.000,0.200,0.000,0.100,30.00,,0,,
5.80,5.80,80.56,50.00,50,false,0.000,0.200,0.000,0.100,30.00,,0,,
5.90,5.90,81.94,50.00,50,false,0.000,0.200,0.000,0.100,30.00,,0,,
6.00,6.00,83.33,50.00,50,false,0.000,0.200,0.000,0.100,30.00,,0,,
6.10,6.10,84.72,50.00,50,false,0.000,0.200,0.000,0.100,30.00,,0,,
6.20,6.20,86.11,50.00,50,false,0.000,0.200,0.000,0.100,30.00,,0,,
6.30,6.30,87.50,50.00,50,false,0.000,0.200,0.000,0.100,30.00,,0,,
6.40,6.40,88.89,50.00,50,false,0.000,0.200,0.000,0.100,30.00,,0,,
6.50,6.50,90.28,50.00,50,false,0.000,0.200,0.000,0.100,30.00,,0,,
6.60,6.60,91.67,50.00,50,false,0.000,0.200,0.000,0.100,30.00,,0,,
6.70,6.70,93.06,50.00,50,false,0.000,0.200,0.000,0.100,30.00,,0,,
6.80,6.80,94.44,50.00,50,false,0.000,0.200,0.000,0.100,30.00,,0,,
6.90,6.90,95.83,50.00,50,false,0.000,0.200,0.000,0.100,30.00,,0,,
7.00,7.00,97.22,50.00,50,false,0.000,0.200,0.000,0.100,30.00,,0,,
7.10,7.10,98.61,50.00,50,false,0.000,0.200,0.000,0.100,30.00,,0,,
7.20,7.20,100.00,50.00,50,false,0.000,0.200,0.000,0.100,30.00,,0,,
7.30,7.30,101.39,50.00,50,false,0.000,0.200,0.000,0.100,30.00,,0,,
7.40,7.40,102.78,50.00,50,false,0.000,0.200,0.000,0.100,30.00,,0,,
7.50,7.50,104.17,50.00,50,false,0.000,0.200,0.000,0.100,30.00,,0,,
7.60,7.60,105.56,50.00,50,false,0.000,0.200,0.000,0.100,30.00,,0,,
7.70,7.70,106.94,50.00,50,false,0.000,0.200,0.000,0.100,30.00,,0,,
7.80,7.80,108.33,50.00,50,false,0.000,0.200,0.000,0.100,30.00,,0,,
7.90,7.90,109.72,50.00,50,false,0.000,0.200,0.000,0.100,30.00,,0,,
8.00,8.00,111.11,50.00,50,false,0.000,0.200,0.000,0.100,30.00,,0,,
8.10,8.10,112.50,50.00,50,false,0.000,0.200,0.000,0.100,30.00,,0,,
8.20,8.20,113.89,50.00,50,false,0.000,0.200,0.000,0.100,30.00,,0,,
8.30,8.30,115.28,50.00,50,false,0.000,0.200,0.000,0.100,30.00,,0,,
8.40,8.40,116.67,50.00,50,false,0.000,0.200,0.000,0.100,30.00,,0,,
8.50,8.50,118.06,50.00,50,false,0.000,0.200,0.000,0.100,30.00,,0,,
8.60,8.60,119.44,50.00,50,false,0.000,0.200,0.000,0.100,30.00,,0,,
8.70,8.70,120.83,50.00,50,false,0.000,0.200,0.000,0.100,30.00,,0,,
8.80,8.80,122.22,50.00,50,false,0.000,0.200,0.000,0.100,30.00,,0,,
8.90,8.90,123.61,50.00,50,false,0.000,0.200,0.000,0.100,30.00,,0,,
9.00,9.00,125.00,50.00,50,false,0.000,0.200,0.000,0.100,30.00,,0,,
9.10,9.10,126.39,50.00,50,false,0.000,0.200,0.000,0.100,30.00,,0,,
9.20,9.20,127.78,50.00,50,false,0.000,0.200,0.000,0.100,30.00,,0,,
9.30,9.30,129.17,50.00,50,false,0.000,0.200,0.000,0.100,30.00,,0,,
9.40,9.40,130.56,50.00,50,false,0.000,0.200,0.000,0.100,30.00,,0,,
9.50,9.50,131.94,50.00,50,false,0.000,0.200,0.000,0.100,30.00,,0,,
9.60,9.60,133.33,50.00,50,false,0.000,0.200,0.000,0.100,30.00,,0,,
9.70,9.70,134.72,50.00,50,false,0.000,0.200,0.000,0.100,30.00,,0,,
9.80,9.80,136.11,50.00,50,false,0.000,0.200,0.000,0.100,30.00,,0,,
9.90,9.90,137.50,50.00,50,false,0.000,0.200,0.000,0.100,30.00,,0,,
10.00,10.00,138.89,50.00,50,false,0.000,0.200,0.000,0.100,30.00,,0,,
10.10,10.10,140.28,50.00,50,false,0.000,0.200,0.000,0.100,30.00,,0,,
10.20,10.20,141.67,50.00,50,false,0.000,0.200,0.000,0.100,30.00,,0,,
10.30,10.30,143.06,50.00,50,false,0.000,0.200,0.000,0.100,30.00,,0,,
10.40,10.40,144.44,50.00,50,false,0.000,0.200,0.000,0.100,30.00,,0,,
10.50,10.50,145.83,50.00,50,false,0.000,0.200,0.000,0.100,30.00,,0,,
10.60,10.60,147.22,50.00,50,false,0.000,0.200,0.000,0.100,30.00,,0,,
10.70,10.70,148.61,50.00,50,false,0.000,0.200,0.000,0.100,30.00,,0,,
10.80,10.80,150.00,50.00,50,false,0.000,0.200,0.000,0.100,30.00,,0,,
10.90,10.90,151.39,50.00,50,false,0.000,0.200,0.000,0.100,30.00,,0,,
11.00,11.00,152.78,50.00,50,false,0.000,0.200,0.000,0.100,30.00,,0,,
11.10,11.10,154.17,50.00,50,false,0.000,0.200,0.000,0.100,30.00,,0,,
11.20,11.20,155.56,50.00,50,false,0.000,0.200,0.000,0.100,30.00,,0,,
11.30,11.30,156.94,50.00,50,false,0.000,0.200,0.000,0.100,30.00,,0,,
11.40,11.40,158.33,50.00,50,false,0.000,0.200,0.000,0.100,30.00,,0,,
11.50,11.50,159.72,50.00,50,false,0.000,0.200,0.000,0.100,30.00,,0,,
11.60,11.60,161.11,50.00,50,false,0.000,0.200,0.000,0.100,30.00,,0,,
11.70,11.70,162.50,50.00,50,false,0.000,0.200,0.000,0.100,30.00,,0,,
11.80,11.80,163.89,50.00,50,false,0.000,0.200,0.000,0.100,30.00,,0,,
11.90,11.90,165.28,50.00,50,false,0.000,0.200,0.000,0.100,30.00,,0,,
12.00,12.00,166.67,50.00,50,false,0.000,0.200,0.000,0.100,30.00,,0,,
12.10,12.10,168.06,50.00,50,false,0.000,0.200,0.000,0.100,30.00,,0,,
12.20,12.20,169.44,50.00,50,false,0.000,0.200,0.000,0.100,30.00,,0,,
12.30,12.30,170.83,50.00,50,false,0.000,0.200,0.000,0.100,30.00,,0,,
12.40,12.40,172.22,50.00,50,false,0.000,0.200,0.000,0.100,30.00,,0,,
12.50,12.50,173.61,50.00,50,false,0.000,0.200,0.000,0.100,30.00,,0,,
12.60,12.60,175.00,50.00,50,false,0.000,0.200,0.000,0.100,30.00,,0,,
12.70,12.70,176.39,50.00,50,false,0.000,0.200,0.000,0.100,30.00,,0,,
12.80,12.80,177.78,50.00,50,false,0.000,0.200,0.000,0.100,30.00,,0,,
12.90,12.90,179.17,50.00,50,false,0.000,0.200,0.000,0.100,30.00,,0,,
13.00,13.00,180.56,50.00,50,false,0.000,0.200,0.000,0.100,30.00,,0,,
13.10,13.10,181.94,50.00,50,false,0.000,0.200,0.000,0.100,30.00,,0,,
13.20,13.20,183.33,50.00,50,false,0.000,0.200,0.000,0.100,30.00,,0,,
13.30,13.30,184.72,50.00,50,false,0.000,0.200,0.000,0.100,30.00,,0,,
13.40,13.40,186.11,50.00,50,false,0.000,0.200,0.000,0.100,30.00,,0,,
13.50,13.50,187.50,50.00,50,false,0.000,0.200,0.000,0.100,30.00,,0,,
13.60,13.60,188.89,50.00,50,false,0.000,0.200,0.000,0.100,30.00,,0,,
13.70,13.70,190.28,50.00,50,false,0.000,0.200,0.000,0.100,30.00,,0,,
13.80,13.80,191.67,50.00,50,false,0.000,0.200,0.000,0.100,30.00,,0,,
13.90,13.90,193.06,50.00,50,false,0.000,0.200,0.000,0.100,30.00,,0,,
14.00,14.00,194.44,50.00,50,false,0.000,0.200,0.000,0.100,30.00,,0,,
14.10,14.10,195.83,50.00,50,false,0.000,0.200,0.000,0.100,30.00,,0,,
14.20,14.20,197.22,50.00,50,false,0.000,0.200,0.000,0.100,30.00,,0,,
14.30,14.30,198.61,50.00,50,false,0.000,0.200,0.000,0.100,30.00,,0,,
14.40,14.40,200.00,50.00,50,false,0.000,0.200,0.000,0.100,30.00,,0,,
14.50,14.50,201.39,40.00,30,true,0.000,0.200,0.000,0.100,30.00,,0,schoolZone,
14.60,14.60,202.50,40.00,30,true,0.000,0.200,0.000,0.100,30.00,,0,schoolZone,
14.70,14.70,203.61,40.00,30,true,0.000,0.200,0.000,0.100,30.00,,0,schoolZone,
14.80,14.80,204.72,40.00,30,true,0.000,0.200,0.000,0.100,30.00,,0,schoolZone,
14.90,14.90,205.83,40.00,30,true,0.000,0.200,0.000,0.100,30.00,,0,schoolZone,
15.00,15.00,206.94,40.00,30,true,0.000,0.200,0.000,0.100,30.00,,0,schoolZone,
15.10,15.10,208.06,40.00,30,true,0.000,0.200,0.000,0.100,30.00,,0,schoolZone,
15.20,15.20,209.17,40.00,30,true,0.000,0.200,0.000,0.100,30.00,,0,schoolZone,
15.30,15.30,210.28,40.00,30,true,0.000,0.200,0.000,0.100,30.00,,0,schoolZone,
15.40,15.40,211.39,40.00,30,true,0.000,0.200,0.000,0.100,30.00,,0,schoolZone,
15.50,15.50,212.50,40.00,30,true,0.000,0.200,0.000,0.100,30.00,,0,schoolZone,
15.60,15.60,213.61,40.00,30,true,0.000,0.200,0.000,0.100,30.00,,0,schoolZone,
15.70,15.70,214.72,40.00,30,true,0.000,0.200,0.000,0.100,30.00,,0,schoolZone,
15.80,15.80,215.83,40.00,30,true,0.000,0.200,0.000,0.100,30.00,,0,schoolZone,
15.90,15.90,216.94,40.00,30,true,0.000,0.200,0.000,0.100,30.00,,0,schoolZone,
16.00,16.00,218.06,40.00,30,true,0.000,0.200,0.000,0.100,30.00,,0,schoolZone,
16.10,16.10,219.17,40.00,30,true,0.000,0.200,0.000,0.100,30.00,,0,schoolZone,
16.20,16.20,220.28,40.00,30,true,0.000,0.200,0.000,0.100,30.00,,0,schoolZone,
16.30,16.30,221.39,40.00,30,true,0.000,0.200,0.000,0.100,30.00,,0,schoolZone,
16.40,16.40,222.50,40.00,30,true,0.000,0.200,0.000,0.100,30.00,,0,schoolZone,
16.50,16.50,223.61,40.00,30,true,0.000,0.200,0.000,0.100,30.00,,0,schoolZone,
16.60,16.60,224.72,40.00,30,true,0.000,0.200,0.000,0.100,30.00,,0,schoolZone,
16.70,16.70,225.83,40.00,30,true,0.000,0.200,0.000,0.100,30.00,,0,schoolZone,
16.80,16.80,226.94,40.00,30,true,0.000,0.200,0.000,0.100,30.00,,0,schoolZone,
16.90,16.90,228.06,40.00,30,true,0.000,0.200,0.000,0.100,30.00,,0,schoolZone,
17.00,17.00,229.17,40.00,30,true,0.000,0.200,0.000,0.100,30.00,,0,schoolZone,
17.10,17.10,230.28,40.00,30,true,0.000,0.200,0.000,0.100,30.00,,0,schoolZone,
17.20,17.20,231.39,40.00,30,true,0.000,0.200,0.000,0.100,30.00,,0,schoolZone,
17.30,17.30,232.50,40.00,30,true,0.000,0.200,0.000,0.100,30.00,,0,schoolZone,
17.40,17.40,233.61,40.00,30,true,0.000,0.200,0.000,0.100,30.00,,0,schoolZone,
17.50,17.50,234.72,40.00,30,true,0.000,0.200,0.000,0.100,30.00,,0,schoolZone,
17.60,17.60,235.83,40.00,30,true,0.000,0.200,0.000,0.100,30.00,,0,schoolZone,
17.70,17.70,236.94,40.00,30,true,0.000,0.200,0.000,0.100,30.00,,0,schoolZone,
17.80,17.80,238.06,40.00,30,true,0.000,0.200,0.000,0.100,30.00,,0,schoolZone,
17.90,17.90,239.17,40.00,30,true,0.000,0.200,0.000,0.100,30.00,,0,schoolZone,
18.00,18.00,240.28,40.00,30,true,0.000,0.200,0.000,0.100,30.00,,0,schoolZone,
18.10,18.10,241.39,40.00,30,true,0.000,0.200,0.000,0.100,30.00,,0,schoolZone,
18.20,18.20,242.50,40.00,30,true,0.000,0.200,0.000,0.100,30.00,,0,schoolZone,
18.30,18.30,243.61,40.00,30,true,0.000,0.200,0.000,0.100,30.00,,0,schoolZone,
18.40,18.40,244.72,40.00,30,true,0.000,0.200,0.000,0.100,30.00,,0,schoolZone,
18.50,18.50,245.83,40.00,30,true,0.000,0.200,0.000,0.100,30.00,,0,schoolZone,
18.60,18.60,246.94,40.00,30,true,0.000,0.200,0.000,0.100,30.00,,0,schoolZone,
18.70,18.70,248.06,40.00,30,true,0.000,0.200,0.000,0.100,30.00,,0,schoolZone,
18.80,18.80,249.17,40.00,30,true,0.000,0.200,0.000,0.100,30.00,,0,schoolZone,
18.90,18.90,250.28,40.00,30,true,0.000,0.200,0.000,0.100,30.00,,0,schoolZone,
19.00,19.00,251.39,40.00,30,true,0.000,0.200,0.000,0.100,30.00,,0,schoolZone,
19.10,19.10,252.50,40.00,30,true,0.000,0.200,0.000,0.100,30.00,,0,schoolZone,
19.20,19.20,253.61,40.00,30,true,0.000,0.200,0.000,0.100,30.00,,0,schoolZone,
19.30,19.30,254.72,40.00,30,true,0.000,0.200,0.000,0.100,30.00,,0,schoolZone,
19.40,19.40,255.83,40.00,30,true,0.000,0.200,0.000,0.100,30.00,,0,schoolZone,
19.50,19.50,256.94,40.00,30,true,0.000,0.200,0.000,0.100,30.00,,0,schoolZone,
19.60,19.60,258.06,40.00,30,true,0.000,0.200,0.000,0.100,30.00,,0,schoolZone,
19.70,19.70,259.17,40.00,30,true,0.000,0.200,0.000,0.100,30.00,,0,schoolZone,
19.80,19.80,260.28,28.00,30,false,0.000,0.200,0.000,0.100,30.00,,0,schoolZone,
19.90,19.90,261.06,28.00,30,false,0.000,0.200,0.000,0.100,30.00,,0,schoolZone,
20.00,20.00,261.83,28.00,30,false,0.000,0.200,0.000,0.100,30.00,,0,schoolZone,
20.10,20.10,262.61,28.00,30,false,0.000,0.200,0.000,0.100,30.00,,0,schoolZone,
20.20,20.20,263.39,28.00,30,false,0.000,0.200,0.000,0.100,30.00,,0,schoolZone,
20.30,20.30,264.17,28.00,30,false,0.000,0.200,0.000,0.100,30.00,,0,schoolZone,
20.40,20.40,264.94,28.00,30,false,0.000,0.200,0.000,0.100,30.00,,0,schoolZone,
20.50,20.50,265.72,28.00,30,false,0.000,0.200,0.000,0.100,30.00,,0,schoolZone,
20.60,20.60,266.50,28.00,30,false,0.000,0.200,0.000,0.100,30.00,,0,schoolZone,
20.70,20.70,267.28,28.00,30,false,0.000,0.200,0.000,0.100,30.00,,0,schoolZone,
20.80,20.80,268.06,28.00,30,false,0.000,0.200,0.000,0.100,30.00,,0,schoolZone,
20.90,20.90,268.83,28.00,30,false,0.000,0.200,0.000,0.100,30.00,,0,schoolZone,
21.00,21.00,269.61,28.00,30,false,0.000,0.200,0.000,0.100,30.00,,0,schoolZone,
21.10,21.10,270.39,28.00,30,false,0.000,0.200,0.000,0.100,30.00,,0,schoolZone,
21.20,21.20,271.17,28.00,30,false,0.000,0.200,0.000,0.100,30.00,,0,schoolZone,
21.30,21.30,271.94,28.00,30,false,0.000,0.200,0.000,0.100,30.00,,0,schoolZone,
21.40,21.40,272.72,28.00,30,false,0.000,0.200,0.000,0.100,30.00,,0,schoolZone,
21.50,21.50,273.50,28.00,30,false,0.000,0.200,0.000,0.100,30.00,,0,schoolZone,
21.60,21.60,274.28,28.00,30,false,0.000,0.200,0.000,0.100,30.00,,0,schoolZone,
21.70,21.70,275.06,28.00,30,false,0.000,0.200,0.000,0.100,30.00,,0,schoolZone,
21.80,21.80,275.83,28.00,30,false,0.000,0.200,0.000,0.100,30.00,,0,schoolZone,
21.90,21.90,276.61,28.00,30,false,0.000,0.200,0.000,0.100,30.00,,0,schoolZone,
22.00,22.00,277.39,28.00,30,false,0.000,0.200,0.000,0.100,30.00,,0,schoolZone,
22.10,22.10,278.17,28.00,30,false,0.000,0.200,0.000,0.100,30.00,,0,schoolZone,
22.20,22.20,278.94,28.00,30,false,0.000,0.200,0.000,0.100,30.00,,0,schoolZone,
22.30,22.30,279.72,28.00,30,false,0.000,0.200,0.000,0.100,30.00,,0,schoolZone,
22.40,22.40,280.50,28.00,30,false,0.000,0.200,0.000,0.100,30.00,,0,schoolZone,
22.50,22.50,281.28,28.00,30,false,0.000,0.200,0.000,0.100,30.00,,0,schoolZone,
22.60,22.60,282.06,28.00,30,false,0.000,0.200,0.000,0.100,30.00,,0,schoolZone,
22.70,22.70,282.83,28.00,30,false,0.000,0.200,0.000,0.100,30.00,,0,schoolZone,
22.80,22.80,283.61,28.00,30,false,0.000,0.200,0.000,0.100,30.00,,0,schoolZone,
22.90,22.90,284.39,28.00,30,false,0.000,0.200,0.000,0.100,30.00,,0,schoolZone,
23.00,23.00,285.17,28.00,30,false,0.000,0.200,0.000,0.100,30.00,,0,schoolZone,
23.10,23.10,285.94,28.00,30,false,0.000,0.200,0.000,0.100,30.00,,0,schoolZone,
23.20,23.20,286.72,28.00,30,false,0.000,0.200,0.000,0.100,30.00,,0,schoolZone,
23.30,23.30,287.50,28.00,30,false,0.000,0.200,0.000,0.100,30.00,,0,schoolZone,
23.40,23.40,288.28,28.00,30,false,0.000,0.200,0.000,0.100,30.00,,0,schoolZone,
23.50,23.50,289.06,28.00,30,false,0.000,0.200,0.000,0.100,30.00,,0,schoolZone,
23.60,23.60,289.83,28.00,30,false,0.000,0.200,0.000,0.100,30.00,,0,schoolZone,
23.70,23.70,290.61,28.00,30,false,0.000,0.200,0.000,0.100,30.00,,0,schoolZone,
23.80,23.80,291.39,28.00,30,false,0.000,0.200,0.000,0.100,30.00,,0,schoolZone,
23.90,23.90,292.17,28.00,30,false,0.000,0.200,0.000,0.100,30.00,,0,schoolZone,
24.00,24.00,292.94,28.00,30,false,0.000,0.200,0.000,0.100,30.00,,0,schoolZone,
24.10,24.10,293.72,28.00,30,false,0.000,0.200,0.000,0.100,30.00,,0,schoolZone,
24.20,24.20,294.50,28.00,30,false,0.000,0.200,0.000,0.100,30.00,,0,schoolZone,
24.30,24.30,295.28,28.00,30,false,0.000,0.200,0.000,0.100,30.00,,0,schoolZone,
24.40,24.40,296.06,28.00,30,false,0.000,0.200,0.000,0.100,30.00,,0,schoolZone,
24.50,24.50,296.83,28.00,30,false,0.000,0.200,0.000,0.100,30.00,,0,schoolZone,
24.60,24.60,297.61,28.00,30,false,0.000,0.200,0.000,0.100,30.00,,0,schoolZone,
24.70,24.70,298.39,28.00,30,false,0.000,0.200,0.000,0.100,30.00,,0,schoolZone,
24.80,24.80,299.17,28.00,30,false,0.000,0.200,0.000,0.100,30.00,,0,schoolZone,
24.90,24.90,299.94,28.00,30,false,0.000,0.200,0.000,0.100,30.00,,0,schoolZone,
25.00,25.00,300.72,50.00,50,false,0.000,0.200,0.000,0.100,30.00,,0,,
25.10,25.10,302.11,50.00,50,false,0.000,0.200,0.000,0.100,30.00,,0,,
25.20,25.20,303.50,50.00,50,false,0.000,0.200,0.000,0.100,30.00,,0,,
25.30,25.30,304.89,50.00,50,false,0.000,0.200,0.000,0.100,30.00,,0,,
25.40,25.40,306.28,50.00,50,false,0.000,0.200,0.000,0.100,30.00,,0,,
25.50,25.50,307.67,50.00,50,false,0.000,0.200,0.000,0.100,30.00,,0,,
25.60,25.60,309.06,50.00,50,false,0.000,0.200,0.000,0.100,30.00,,0,,
25.70,25.70,310.44,50.00,50,false,0.000,0.200,0.000,0.100,30.00,,0,,
25.80,25.80,311.83,50.00,50,false,0.000,0.200,0.000,0.100,30.00,,0,,
25.90,25.90,313.22,50.00,50,false,0.000,0.200,0.000,0.100,30.00,,0,,
26.00,26.00,314.61,50.00,50,false,0.000,0.200,0.000,0.100,30.00,,0,,
26.10,26.10,316.00,50.00,50,false,0.000,0.200,0.000,0.100,30.00,,0,,
26.20,26.20,317.39,50.00,50,false,0.000,0.200,0.000,0.100,30.00,,0,,
26.30,26.30,318.78,50.00,50,false,0.000,0.200,0.000,0.100,30.00,,0,,
26.40,26.40,320.17,45.00,50,false,0.000,0.200,0.000,0.100,30.00,,0,jaywalking,
26.50,26.50,321.42,45.00,50,false,0.000,0.200,0.000,0.100,30.00,,0,jaywalking,
26.60,26.60,322.67,45.00,50,false,0.000,0.200,0.000,0.100,30.00,,0,jaywalking,
26.70,26.70,323.92,45.00,50,false,0.000,0.200,0.000,0.100,30.00,,0,jaywalking,
26.80,26.80,325.17,45.00,50,false,0.000,0.200,0.000,0.100,30.00,,0,jaywalking,
26.90,26.90,326.42,45.00,50,false,0.000,0.200,0.000,0.100,30.00,,0,jaywalking,
27.00,27.00,327.67,45.00,50,false,0.000,0.200,0.000,0.100,30.00,,0,jaywalking,
27.10,27.10,328.92,45.00,50,false,0.000,0.200,0.000,0.100,30.00,,0,jaywalking,
27.20,27.20,330.17,45.00,50,false,0.000,0.200,0.000,0.100,30.00,,1,jaywalking,
27.30,27.30,331.42,45.00,50,false,0.000,0.200,0.000,0.100,30.00,,1,jaywalking,
27.40,27.40,332.67,45.00,50,false,0.000,0.200,0.000,0.100,30.00,,1,jaywalking,
27.50,27.50,333.92,45.00,50,false,0.000,0.200,0.000,0.100,30.00,,1,jaywalking,
27.60,27.60,335.17,45.00,50,false,0.000,0.200,0.000,0.100,30.00,,0,jaywalking,
27.70,27.70,336.42,45.00,50,false,0.000,0.200,0.000,0.100,30.00,,0,jaywalking,
27.80,27.80,337.67,45.00,50,false,0.000,0.200,0.000,0.100,30.00,,0,jaywalking,
27.90,27.90,338.92,45.00,50,false,0.000,0.200,0.000,0.100,30.00,,0,jaywalking,
28.00,28.00,340.17,30.00,50,false,0.000,0.200,0.200,0.100,30.00,,0,jaywalking,
28.10,28.10,341.00,30.00,50,false,0.000,0.200,0.200,0.100,30.00,,0,jaywalking,
28.20,28.20,341.83,30.00,50,false,0.000,0.200,0.200,0.100,30.00,,0,jaywalking,
28.30,28.30,342.67,30.00,50,false,0.000,0.200,0.200,0.100,30.00,,0,jaywalking,
28.40,28.40,343.50,30.00,50,false,0.000,0.200,0.200,0.100,30.00,,0,jaywalking,
28.50,28.50,344.33,30.00,50,false,0.000,0.200,0.200,0.100,30.00,,0,jaywalking,
28.60,28.60,345.17,30.00,50,false,0.000,0.200,0.200,0.100,30.00,,0,jaywalking,
28.70,28.70,346.00,30.00,50,false,0.000,0.200,0.200,0.100,30.00,,0,jaywalking,
28.80,28.80,346.83,30.00,50,false,0.000,0.200,0.200,0.100,30.00,,0,jaywalking,
28.90,28.90,347.67,30.00,50,false,0.000,0.200,0.200,0.100,30.00,,0,jaywalking,
29.00,29.00,348.50,30.00,50,false,0.000,0.200,0.200,0.100,30.00,,0,jaywalking,
29.10,29.10,349.33,30.00,50,false,0.000,0.200,0.200,0.100,30.00,,0,jaywalking,
29.20,29.20,350.17,30.00,50,false,0.000,0.200,0.200,0.100,30.00,,0,jaywalking,
29.30,29.30,351.00,30.00,50,false,0.000,0.200,0.200,0.100,30.00,,0,jaywalking,
29.40,29.40,351.83,30.00,50,false,0.000,0.200,0.200,0.100,30.00,,0,jaywalking,
29.50,29.50,352.67,30.00,50,false,0.000,0.200,0.200,0.100,30.00,,0,jaywalking,
29.60,29.60,353.50,30.00,50,false,0.000,0.200,0.200,0.100,30.00,,0,jaywalking,
29.70,29.70,354.33,30.00,50,false,0.000,0.200,0.200,0.100,30.00,,0,jaywalking,
29.80,29.80,355.17,30.00,50,false,0.000,0.200,0.200,0.100,30.00,,0,jaywalking,
29.90,29.90,356.00,30.00,50,false,0.000,0.200,0.200,0.100,30.00,,0,jaywalking,
30.00,30.00,356.83,30.00,50,false,0.000,0.200,0.200,0.100,30.00,,0,jaywalking,
30.10,30.10,357.67,30.00,50,false,0.000,0.200,0.200,0.100,30.00,,0,jaywalking,
30.20,30.20,358.50,30.00,50,false,0.000,0.200,0.200,0.100,30.00,,0,jaywalking,
30.30,30.30,359.33,30.00,50,false,0.000,0.200,0.200,0.100,30.00,,0,jaywalking,
30.40,30.40,360.17,50.00,50,false,0.000,0.200,0.000,0.100,30.00,,0,,
30.50,30.50,361.56,50.00,50,false,0.000,0.200,0.000,0.100,30.00,,0,,
30.60,30.60,362.94,50.00,50,false,0.000,0.200,0.000,0.100,30.00,,0,,
30.70,30.70,364.33,50.00,50,false,0.000,0.200,0.000,0.100,30.00,,0,,
30.80,30.80,365.72,50.00,50,false,0.000,0.200,0.000,0.100,30.00,,0,,
30.90,30.90,367.11,50.00,50,false,0.000,0.200,0.000,0.100,30.00,,0,,
31.00,31.00,368.50,50.00,50,false,0.000,0.200,0.000,0.100,30.00,,0,,
31.10,31.10,369.89,50.00,50,false,0.000,0.200,0.000,0.100,30.00,,0,,
31.20,31.20,371.28,50.00,50,false,0.000,0.200,0.000,0.100,30.00,,0,,
31.30,31.30,372.67,50.00,50,false,0.000,0.200,0.000,0.100,30.00,,0,,
31.40,31.40,374.06,50.00,50,false,0.000,0.200,0.000,0.100,30.00,,0,,
31.50,31.50,375.44,50.00,50,false,0.000,0.200,0.000,0.100,30.00,,0,,
31.60,31.60,376.83,50.00,50,false,0.000,0.200,0.000,0.100,30.00,,0,,
31.70,31.70,378.22,50.00,50,false,0.000,0.200,0.000,0.100,30.00,,0,,
31.80,31.80,379.61,50.00,50,false,0.000,0.200,0.000,0.100,30.00,,0,,
31.90,31.90,381.00,50.00,50,false,0.000,0.200,0.000,0.100,30.00,,0,,
32.00,32.00,382.39,50.00,50,false,0.000,0.200,0.000,0.100,30.00,,0,,
32.10,32.10,383.78,50.00,50,false,0.000,0.200,0.000,0.100,30.00,,0,,
32.20,32.20,385.17,50.00,50,false,0.000,0.200,0.000,0.100,30.00,,0,,
32.30,32.30,386.56,50.00,50,false,0.000,0.200,0.000,0.100,30.00,,0,,
32.40,32.40,387.94,50.00,50,false,0.000,0.200,0.000,0.100,30.00,,0,,
32.50,32.50,389.33,50.00,50,false,0.000,0.200,0.000,0.100,30.00,,0,,
32.60,32.60,390.72,50.00,50,false,0.000,0.200,0.000,0.100,30.00,,0,,
32.70,32.70,392.11,50.00,50,false,0.000,0.200,0.000,0.100,30.00,,0,,
32.80,32.80,393.50,50.00,50,false,0.000,0.200,0.000,0.100,30.00,,0,,
32.90,32.90,394.89,50.00,50,false,0.000,0.200,0.000,0.100,30.00,,0,,
33.00,33.00,396.28,50.00,50,false,0.000,0.200,0.000,0.100,30.00,,0,,
33.10,33.10,397.67,50.00,50,false,0.000,0.200,0.000,0.100,30.00,,0,,
33.20,33.20,399.06,50.00,50,false,0.000,0.200,0.000,0.100,30.00,,0,,
33.30,33.30,400.44,50.00,50,false,0.000,0.200,0.000,0.100,30.00,,0,,
33.40,33.40,401.83,50.00,50,false,0.000,0.200,0.000,0.100,30.00,,0,,
33.50,33.50,403.22,50.00,50,false,0.000,0.200,0.000,0.100,30.00,,0,,
33.60,33.60,404.61,50.00,50,false,0.000,0.200,0.000,0.100,30.00,,0,,
33.70,33.70,406.00,50.00,50,false,0.000,0.200,0.000,0.100,30.00,,0,,
33.80,33.80,407.39,50.00,50,false,0.000,0.200,0.000,0.100,30.00,,0,,
33.90,33.90,408.78,50.00,50,false,0.000,0.200,0.000,0.100,30.00,,0,,
34.00,34.00,410.17,50.00,50,false,0.000,0.200,0.000,0.100,30.00,,0,,
34.10,34.10,411.56,50.00,50,false,0.000,0.200,0.000,0.100,30.00,,0,,
34.20,34.20,412.94,50.00,50,false,0.000,0.200,0.000,0.100,30.00,,0,,
34.30,34.30,414.33,50.00,50,false,0.000,0.200,0.000,0.100,30.00,,0,,
34.40,34.40,415.72,50.00,50,false,0.000,0.200,0.000,0.100,30.00,,0,,
34.50,34.50,417.11,50.00,50,false,0.000,0.200,0.000,0.100,30.00,,0,,
34.60,34.60,418.50,50.00,50,false,0.000,0.200,0.000,0.100,30.00,,0,,
34.70,34.70,419.89,50.00,50,false,0.000,0.200,0.000,0.100,30.00,,0,,
34.80,34.80,421.28,35.00,50,false,0.050,0.200,0.020,0.100,30.00,,0,ULT,
34.90,34.90,422.25,35.00,50,false,0.050,0.200,0.020,0.100,30.00,,0,ULT,
35.00,35.00,423.22,35.00,50,false,0.050,0.200,0.020,0.100,30.00,,0,ULT,
35.10,35.10,424.19,35.00,50,false,0.050,0.200,0.020,0.100,30.00,,0,ULT,
35.20,35.20,425.17,35.00,50,false,0.050,0.200,0.020,0.100,30.00,,0,ULT,
35.30,35.30,426.14,35.00,50,false,0.050,0.200,0.020,0.100,30.00,,0,ULT,
35.40,35.40,427.11,35.00,50,false,0.050,0.200,0.020,0.100,30.00,,0,ULT,
35.50,35.50,428.08,35.00,50,false,0.050,0.200,0.020,0.100,30.00,,0,ULT,
35.60,35.60,429.06,35.00,50,false,0.050,0.200,0.020,0.100,30.00,,0,ULT,
35.70,35.70,430.03,35.00,50,false,0.050,0.200,0.020,0.100,30.00,1.600,0,ULT,
35.80,35.80,431.00,35.00,50,false,0.050,0.200,0.020,0.100,30.00,1.600,0,ULT,
35.90,35.90,431.97,35.00,50,false,0.050,0.200,0.020,0.100,30.00,1.600,0,ULT,
36.00,36.00,432.94,35.00,50,false,0.050,0.200,0.020,0.100,30.00,1.600,0,ULT,
36.10,36.10,433.92,35.00,50,false,0.050,0.200,0.020,0.100,30.00,1.600,0,ULT,
36.20,36.20,434.89,35.00,50,false,0.050,0.200,0.020,0.100,30.00,1.600,0,ULT,
36.30,36.30,435.86,35.00,50,false,0.050,0.200,0.020,0.100,30.00,1.600,0,ULT,
36.40,36.40,436.83,35.00,50,false,0.050,0.200,0.020,0.100,30.00,1.600,0,ULT,
36.50,36.50,437.81,35.00,50,false,0.050,0.200,0.020,0.100,30.00,1.600,0,ULT,
36.60,36.60,438.78,35.00,50,false,0.050,0.200,0.020,0.100,30.00,1.600,0,ULT,
36.70,36.70,439.75,35.00,50,false,0.050,0.200,0.020,0.100,30.00,1.600,0,ULT,
36.80,36.80,440.72,35.00,50,false,0.050,0.200,0.020,0.100,30.00,,0,ULT,
36.90,36.90,441.69,35.00,50,false,0.050,0.200,0.020,0.100,30.00,,0,ULT,
37.00,37.00,442.67,35.00,50,false,0.050,0.200,0.020,0.100,30.00,,0,ULT,
37.10,37.10,443.64,35.00,50,false,0.050,0.200,0.020,0.100,30.00,,0,ULT,
37.20,37.20,444.61,35.00,50,false,0.050,0.200,0.020,0.100,30.00,,0,ULT,
37.30,37.30,445.58,35.00,50,false,0.050,0.200,0.020,0.100,30.00,,0,ULT,
37.40,37.40,446.56,35.00,50,false,0.050,0.200,0.020,0.100,30.00,,0,ULT,
37.50,37.50,447.53,35.00,50,false,0.050,0.200,0.020,0.100,30.00,,0,ULT,
37.60,37.60,448.50,35.00,50,false,0.050,0.200,0.020,0.100,30.00,,0,ULT,
37.70,37.70,449.47,35.00,50,false,0.050,0.200,0.020,0.100,30.00,,0,ULT,
37.80,37.80,450.44,35.00,50,false,0.050,0.200,0.020,0.100,30.00,,0,ULT,
37.90,37.90,451.42,35.00,50,false,0.050,0.200,0.020,0.100,30.00,,0,ULT,
38.00,38.00,452.39,35.00,50,false,0.050,0.200,0.020,0.100,30.00,,0,ULT,
38.10,38.10,453.36,35.00,50,false,0.050,0.200,0.020,0.100,30.00,,0,ULT,
38.20,38.20,454.33,35.00,50,false,0.050,0.200,0.020,0.100,30.00,,0,ULT,
38.30,38.30,455.31,35.00,50,false,0.050,0.200,0.020,0.100,30.00,,0,ULT,
38.40,38.40,456.28,35.00,50,false,0.050,0.200,0.020,0.100,30.00,,0,ULT,
38.50,38.50,457.25,35.00,50,false,0.050,0.200,0.020,0.100,30.00,,0,ULT,
38.60,38.60,458.22,35.00,50,false,0.050,0.200,0.020,0.100,30.00,,0,ULT,
38.70,38.70,459.19,35.00,50,false,0.050,0.200,0.020,0.100,30.00,,0,ULT,
38.80,38.80,460.17,50.00,50,false,0.000,0.200,0.000,0.100,30.00,,0,,
38.90,38.90,461.56,50.00,50,false,0.000,0.200,0.000,0.100,30.00,,0,,
39.00,39.00,462.94,50.00,50,false,0.000,0.200,0.000,0.100,30.00,,0,,
39.10,39.10,464.33,50.00,50,false,0.000,0.200,0.000,0.100,30.00,,0,,
39.20,39.20,465.72,50.00,50,false,0.000,0.200,0.000,0.100,30.00,,0,,
39.30,39.30,467.11,50.00,50,false,0.000,0.200,0.000,0.100,30.00,,0,,
39.40,39.40,468.50,50.00,50,false,0.000,0.200,0.000,0.100,30.00,,0,,
39.50,39.50,469.89,50.00,50,false,0.000,0.200,0.000,0.100,30.00,,0,,
39.60,39.60,471.28,50.00,50,false,0.000,0.200,0.000,0.100,30.00,,0,,
39.70,39.70,472.67,50.00,50,false,0.000,0.200,0.000,0.100,30.00,,0,,
39.80,39.80,474.06,50.00,50,false,0.000,0.200,0.000,0.100,30.00,,0,,
39.90,39.90,475.44,50.00,50,false,0.000,0.200,0.000,0.100,30.00,,0,,
40.00,40.00,476.83,50.00,50,false,0.000,0.200,0.000,0.100,30.00,,0,,
40.10,40.10,478.22,50.00,50,false,0.000,0.200,0.000,0.100,30.00,,0,,
40.20,40.20,479.61,50.00,50,false,0.000,0.200,0.000,0.100,30.00,,0,,
40.30,40.30,481.00,50.00,50,false,0.000,0.200,0.000,0.100,30.00,,0,,
40.40,40.40,482.39,50.00,50,false,0.000,0.200,0.000,0.100,30.00,,0,,
40.50,40.50,483.78,50.00,50,false,0.000,0.200,0.000,0.100,30.00,,0,,
40.60,40.60,485.17,50.00,50,false,0.000,0.200,0.000,0.100,30.00,,0,,
40.70,40.70,486.56,50.00,50,false,0.000,0.200,0.000,0.100,30.00,,0,,
40.80,40.80,487.94,50.00,50,false,0.000,0.200,0.000,0.100,30.00,,0,,
40.90,40.90,489.33,50.00,50,false,0.000,0.200,0.000,0.100,30.00,,0,,
41.00,41.00,490.72,50.00,50,false,0.000,0.200,0.000,0.100,30.00,,0,,
41.10,41.10,492.11,50.00,50,false,0.000,0.200,0.000,0.100,30.00,,0,,
41.20,41.20,493.50,50.00,50,false,0.000,0.200,0.000,0.100,30.00,,0,,
41.30,41.30,494.89,50.00,50,false,0.000,0.200,0.000,0.100,30.00,,0,,
41.40,41.40,496.28,50.00,50,false,0.000,0.200,0.000,0.100,30.00,,0,,
41.50,41.50,497.67,50.00,50,false,0.000,0.200,0.000,0.100,30.00,,0,,
41.60,41.60,499.06,50.00,50,false,0.000,0.200,0.000,0.100,30.00,,0,,
41.70,41.70,500.44,50.00,50,false,0.000,0.200,0.000,0.100,30.00,,0,,
41.80,41.80,501.83,50.00,50,false,0.000,0.200,0.000,0.100,30.00,,0,,
41.90,41.90,503.22,50.00,50,false,0.000,0.200,0.000,0.100,30.00,,0,,
42.00,42.00,504.61,50.00,50,false,0.000,0.200,0.000,0.100,30.00,,0,,
42.10,42.10,506.00,50.00,50,false,0.000,0.200,0.000,0.100,30.00,,0,,
42.20,42.20,507.39,50.00,50,false,0.000,0.200,0.000,0.100,30.00,,0,,
42.30,42.30,508.78,50.00,50,false,0.000,0.200,0.000,0.100,30.00,,0,,
42.40,42.40,510.17,50.00,50,false,0.000,0.200,0.000,0.100,30.00,,0,,
42.50,42.50,511.56,50.00,50,false,0.000,0.200,0.000,0.100,30.00,,0,,
42.60,42.60,512.94,50.00,50,false,0.000,0.200,0.000,0.100,30.00,,0,,
42.70,42.70,514.33,50.00,50,false,0.000,0.200,0.000,0.100,30.00,,0,,
42.80,42.80,515.72,50.00,50,false,0.000,0.200,0.000,0.100,30.00,,0,,
42.90,42.90,517.11,50.00,50,false,0.000,0.200,0.000,0.100,30.00,,0,,
43.00,43.00,518.50,50.00,50,false,0.000,0.200,0.000,0.100,30.00,,0,,
43.10,43.10,519.89,50.00,50,false,0.000,0.200,0.000,0.100,30.00,,0,,
43.20,43.20,521.28,25.00,50,false,0.300,0.200,0.000,0.400,30.00,,0,channelizedRightTurn,
43.30,43.30,521.97,25.00,50,false,0.300,0.200,0.000,0.400,30.00,,0,channelizedRightTurn,
43.40,43.40,522.67,25.00,50,false,0.300,0.200,0.000,0.400,30.00,,0,channelizedRightTurn,
43.50,43.50,523.36,25.00,50,false,0.300,0.200,0.000,0.400,30.00,,0,channelizedRightTurn,
43.60,43.60,524.06,25.00,50,false,0.300,0.200,0.000,0.400,30.00,,0,channelizedRightTurn,
43.70,43.70,524.75,25.00,50,false,0.300,0.200,0.000,0.400,30.00,,0,channelizedRightTurn,
43.80,43.80,525.44,25.00,50,false,0.300,0.200,0.000,0.400,30.00,,0,channelizedRightTurn,
43.90,43.90,526.14,25.00,50,false,0.300,0.200,0.000,0.400,30.00,,0,channelizedRightTurn,
44.00,44.00,526.83,25.00,50,false,0.300,0.200,0.000,0.400,30.00,,0,channelizedRightTurn,
44.10,44.10,527.53,25.00,50,false,0.300,0.200,0.000,0.400,30.00,,0,channelizedRightTurn,
44.20,44.20,528.22,25.00,50,false,0.300,0.200,0.000,0.400,30.00,,0,channelizedRightTurn,
44.30,44.30,528.92,25.00,50,false,0.300,0.200,0.000,0.400,30.00,,0,channelizedRightTurn,
44.40,44.40,529.61,25.00,50,false,0.300,0.200,0.000,0.400,30.00,,0,channelizedRightTurn,
44.50,44.50,530.31,25.00,50,false,0.300,0.200,0.000,0.400,30.00,,0,channelizedRightTurn,
44.60,44.60,531.00,25.00,50,false,0.300,0.200,0.000,0.400,30.00,,0,channelizedRightTurn,
44.70,44.70,531.69,25.00,50,false,0.300,0.200,0.000,0.400,30.00,,0,channelizedRightTurn,
44.80,44.80,532.39,25.00,50,false,0.300,0.200,0.000,0.400,30.00,,0,channelizedRightTurn,
44.90,44.90,533.08,25.00,50,false,0.300,0.200,0.000,0.400,30.00,,0,channelizedRightTurn,
45.00,45.00,533.78,25.00,50,false,0.300,0.200,0.000,0.400,30.00,,0,channelizedRightTurn,
45.10,45.10,534.47,25.00,50,false,0.300,0.200,0.000,0.400,30.00,,0,channelizedRightTurn,
45.20,45.20,535.17,25.00,50,false,0.950,0.200,0.000,0.400,30.00,,0,channelizedRightTurn,
45.30,45.30,535.86,25.00,50,false,0.950,0.200,0.000,0.400,30.00,,0,channelizedRightTurn,
45.40,45.40,536.56,25.00,50,false,0.950,0.200,0.000,0.400,30.00,,0,channelizedRightTurn,
45.50,45.50,537.25,25.00,50,false,0.950,0.200,0.000,0.400,30.00,,0,channelizedRightTurn,
45.60,45.60,537.94,25.00,50,false,0.950,0.200,0.000,0.400,30.00,,0,channelizedRightTurn,
45.70,45.70,538.64,25.00,50,false,0.950,0.200,0.000,0.400,30.00,,0,channelizedRightTurn,
45.80,45.80,539.33,25.00,50,false,0.950,0.200,0.000,0.400,30.00,,0,channelizedRightTurn,
45.90,45.90,540.03,25.00,50,false,0.300,0.200,0.000,1.350,30.00,,0,channelizedRightTurn,
46.00,46.00,540.72,25.00,50,false,0.300,0.200,0.000,1.350,30.00,,0,channelizedRightTurn,
46.10,46.10,541.42,25.00,50,false,0.300,0.200,0.000,1.350,30.00,,0,channelizedRightTurn,
46.20,46.20,542.11,25.00,50,false,0.300,0.200,0.000,1.350,30.00,,0,channelizedRightTurn,
46.30,46.30,542.81,25.00,50,false,0.300,0.200,0.000,1.350,30.00,,0,channelizedRightTurn,
46.40,46.40,543.50,25.00,50,false,0.300,0.200,0.000,1.350,30.00,,0,channelizedRightTurn,
46.50,46.50,544.19,25.00,50,false,0.300,0.200,0.000,1.350,30.00,,0,channelizedRightTurn,
46.60,46.60,544.89,25.00,50,false,0.300,0.200,0.000,1.350,30.00,,0,channelizedRightTurn,
46.70,46.70,545.58,25.00,50,false,0.300,0.200,0.000,1.350,30.00,,0,channelizedRightTurn,
46.80,46.80,546.28,25.00,50,false,0.300,0.200,0.000,1.350,30.00,,0,channelizedRightTurn,
46.90,46.90,546.97,25.00,50,false,0.300,0.200,0.000,1.350,30.00,,0,channelizedRightTurn,
47.00,47.00,547.67,25.00,50,false,0.300,0.200,0.000,1.350,30.00,,0,channelizedRightTurn,
47.10,47.10,548.36,25.00,50,false,0.300,0.200,0.000,1.350,30.00,,0,channelizedRightTurn,
47.20,47.20,549.06,25.00,50,false,0.300,0.200,0.000,1.350,30.00,,0,channelizedRightTurn,
47.30,47.30,549.75,25.00,50,false,0.300,0.200,0.000,1.350,30.00,,0,channelizedRightTurn,
47.40,47.40,550.44,25.00,50,false,0.300,0.200,0.000,1.350,30.00,,0,channelizedRightTurn,
47.50,47.50,551.14,25.00,50,false,0.300,0.200,0.000,1.350,30.00,,0,channelizedRightTurn,
47.60,47.60,551.83,25.00,50,false,0.300,0.200,0.000,1.350,30.00,,0,channelizedRightTurn,
47.70,47.70,552.53,25.00,50,false,0.300,0.200,0.000,1.350,30.00,,0,channelizedRightTurn,
47.80,47.80,553.22,25.00,50,false,0.300,0.200,0.000,1.350,30.00,,0,channelizedRightTurn,
47.90,47.90,553.92,25.00,50,false,0.300,0.200,0.000,1.350,30.00,,0,channelizedRightTurn,
48.00,48.00,554.61,25.00,50,false,0.300,0.200,0.000,1.350,30.00,,0,channelizedRightTurn,
48.10,48.10,555.31,25.00,50,false,0.300,0.200,0.000,1.350,30.00,,0,channelizedRightTurn,
48.20,48.20,556.00,25.00,50,false,0.300,0.200,0.000,1.350,30.00,,0,channelizedRightTurn,
48.30,48.30,556.69,25.00,50,false,0.300,0.200,0.000,1.350,30.00,,0,channelizedRightTurn,
48.40,48.40,557.39,25.00,50,false,0.300,0.200,0.000,1.350,30.00,,0,channelizedRightTurn,
48.50,48.50,558.08,25.00,50,false,0.300,0.200,0.000,1.350,30.00,,0,channelizedRightTurn,
48.60,48.60,558.78,25.00,50,false,0.300,0.200,0.000,1.350,30.00,,0,channelizedRightTurn,
48.70,48.70,559.47,25.00,50,false,0.300,0.200,0.000,1.350,30.00,,0,channelizedRightTurn,
48.80,48.80,560.17,50.00,50,false,0.000,0.200,0.000,0.100,30.00,,0,,
48.90,48.90,561.56,50.00,50,false,0.000,0.200,0.000,0.100,30.00,,0,,
49.00,49.00,562.94,50.00,50,false,0.000,0.200,0.000,0.100,30.00,,0,,
49.10,49.10,564.33,50.00,50,false,0.000,0.200,0.000,0.100,30.00,,0,,
49.20,49.20,565.72,50.00,50,false,0.000,0.200,0.000,0.100,30.00,,0,,
49.30,49.30,567.11,50.00,50,false,0.000,0.200,0.000,0.100,30.00,,0,,
49.40,49.40,568.50,50.00,50,false,0.000,0.200,0.000,0.100,30.00,,0,,
49.50,49.50,569.89,50.00,50,false,0.000,0.200,0.000,0.100,30.00,,0,,
49.60,49.60,571.28,50.00,50,false,0.000,0.200,0.000,0.100,30.00,,0,,
49.70,49.70,572.67,50.00,50,false,0.000,0.200,0.000,0.100,30.00,,0,,
49.80,49.80,574.06,50.00,50,false,0.000,0.200,0.000,0.100,30.00,,0,,
49.90,49.90,575.44,50.00,50,false,0.000,0.200,0.000,0.100,30.00,,0,,
50.00,50.00,576.83,50.00,50,false,0.000,0.200,0.000,0.100,30.00,,0,,
50.10,50.10,578.22,50.00,50,false,0.000,0.200,0.000,0.100,30.00,,0,,
50.20,50.20,579.61,50.00,50,false,0.000,0.200,0.000,0.100,30.00,,0,,
50.30,50.30,581.00,50.00,50,false,0.000,0.200,0.000,0.100,30.00,,0,,
50.40,50.40,582.39,50.00,50,false,0.000,0.200,0.000,0.100,30.00,,0,,
50.50,50.50,583.78,50.00,50,false,0.000,0.200,0.000,0.100,30.00,,0,,
50.60,50.60,585.17,50.00,50,false,0.000,0.200,0.000,0.100,30.00,,0,,
50.70,50.70,586.56,50.00,50,false,0.000,0.200,0.000,0.100,30.00,,0,,
50.80,50.80,587.94,50.00,50,false,0.000,0.200,0.000,0.100,30.00,,0,,
50.90,50.90,589.33,50.00,50,false,0.000,0.200,0.000,0.100,30.00,,0,,
51.00,51.00,590.72,50.00,50,false,0.000,0.200,0.000,0.100,30.00,,0,,
51.10,51.10,592.11,50.00,50,false,0.000,0.200,0.000,0.100,30.00,,0,,
51.20,51.20,593.50,50.00,50,false,0.000,0.200,0.000,0.100,30.00,,0,,
51.30,51.30,594.89,50.00,50,false,0.000,0.200,0.000,0.100,30.00,,0,,
51.40,51.40,596.28,50.00,50,false,0.000,0.200,0.000,0.100,30.00,,0,,
51.50,51.50,597.67,50.00,50,false,0.000,0.200,0.000,0.100,30.00,,0,,
51.60,51.60,599.06,50.00,50,false,0.000,0.200,0.000,0.100,30.00,,0,,
51.70,51.70,600.44,50.00,50,false,0.000,0.200,0.000,0.100,30.00,,0,,
51.80,51.80,601.83,50.00,50,false,0.000,0.200,0.000,0.100,30.00,,0,,
51.90,51.90,603.22,50.00,50,false,0.000,0.200,0.000,0.100,30.00,,0,,
52.00,52.00,604.61,50.00,50,false,0.000,0.200,0.000,0.100,30.00,,0,,
52.10,52.10,606.00,50.00,50,false,0.000,0.200,0.000,0.100,30.00,,0,,
52.20,52.20,607.39,50.00,50,false,0.000,0.200,0.000,0.100,30.00,,0,,
52.30,52.30,608.78,50.00,50,false,0.000,0.200,0.000,0.100,30.00,,0,,
52.40,52.40,610.17,50.00,50,false,0.000,0.200,0.000,0.100,30.00,,0,,
52.50,52.50,611.56,50.00,50,false,0.000,0.200,0.000,0.100,30.00,,0,,
52.60,52.60,612.94,50.00,50,false,0.000,0.200,0.000,0.100,30.00,,0,,
52.70,52.70,614.33,50.00,50,false,0.000,0.200,0.000,0.100,30.00,,0,,
52.80,52.80,615.72,50.00,50,false,0.000,0.200,0.000,0.100,30.00,,0,,
52.90,52.90,617.11,50.00,50,false,0.000,0.200,0.000,0.100,30.00,,0,,
53.00,53.00,618.50,50.00,50,false,0.000,0.200,0.000,0.100,30.00,,0,,
53.10,53.10,619.89,50.00,50,false,0.000,0.200,0.000,0.100,30.00,,0,,
53.20,53.20,621.28,50.00,50,false,0.000,0.200,0.000,0.100,30.00,,0,,
53.30,53.30,622.67,50.00,50,false,0.000,0.200,0.000,0.100,30.00,,0,,
53.40,53.40,624.06,50.00,50,false,0.000,0.200,0.000,0.100,30.00,,0,,
53.50,53.50,625.44,50.00,50,false,0.000,0.200,0.000,0.100,30.00,,0,,
53.60,53.60,626.83,50.00,50,false,0.000,0.200,0.000,0.100,30.00,,0,,
53.70,53.70,628.22,50.00,50,false,0.000,0.200,0.000,0.100,30.00,,0,,
53.80,53.80,629.61,50.00,50,false,0.000,0.200,0.000,0.100,30.00,,0,,
53.90,53.90,631.00,50.00,50,false,0.000,0.200,0.000,0.100,30.00,,0,,
54.00,54.00,632.39,50.00,50,false,0.000,0.200,0.000,0.100,30.00,,0,,
54.10,54.10,633.78,50.00,50,false,0.000,0.200,0.000,0.100,30.00,,0,,
54.20,54.20,635.17,50.00,50,false,0.000,0.200,0.000,0.100,30.00,,0,,
54.30,54.30,636.56,50.00,50,false,0.000,0.200,0.000,0.100,30.00,,0,,
54.40,54.40,637.94,50.00,50,false,0.000,0.200,0.000,0.100,30.00,,0,,
54.50,54.50,639.33,50.00,50,false,0.000,0.200,0.000,0.100,30.00,,0,,
54.60,54.60,640.72,50.00,50,false,0.000,0.200,0.000,0.100,30.00,,0,leadVehicleHardBrake,
54.70,54.70,642.11,50.00,50,false,0.000,0.200,0.000,0.100,30.00,,0,leadVehicleHardBrake,
54.80,54.80,643.50,50.00,50,false,0.000,0.200,0.000,0.100,30.00,,0,leadVehicleHardBrake,
54.90,54.90,644.89,50.00,50,false,0.000,0.200,0.000,0.100,30.00,,0,leadVehicleHardBrake,
55.00,55.00,646.28,50.00,50,false,0.000,0.200,0.000,0.100,30.00,,0,leadVehicleHardBrake,
55.10,55.10,647.67,50.00,50,false,0.000,0.200,0.000,0.100,30.00,,0,leadVehicleHardBrake,
55.20,55.20,649.06,50.00,50,false,0.000,0.200,0.000,0.100,30.00,,0,leadVehicleHardBrake,
55.30,55.30,650.44,50.00,50,false,0.000,0.200,0.000,0.100,30.00,1.800,0,leadVehicleHardBrake,
55.40,55.40,651.83,50.00,50,false,0.000,0.200,0.000,0.100,30.00,1.800,0,leadVehicleHardBrake,
55.50,55.50,653.22,50.00,50,false,0.000,0.200,0.000,0.100,30.00,1.800,0,leadVehicleHardBrake,
55.60,55.60,654.61,50.00,50,false,0.000,0.200,0.000,0.100,30.00,1.800,0,leadVehicleHardBrake,
55.70,55.70,656.00,50.00,50,false,0.000,0.200,0.000,0.100,30.00,,0,leadVehicleHardBrake,
55.80,55.80,657.39,50.00,50,false,0.000,0.200,0.000,0.100,30.00,,0,leadVehicleHardBrake,
55.90,55.90,658.78,50.00,50,false,0.000,0.200,0.000,0.100,30.00,,0,leadVehicleHardBrake,
56.00,56.00,660.17,50.00,50,false,0.000,0.200,0.250,0.100,30.00,,0,leadVehicleHardBrake,
56.10,56.10,661.56,50.00,50,false,0.000,0.200,0.250,0.100,30.00,,0,leadVehicleHardBrake,
56.20,56.20,662.94,50.00,50,false,0.000,0.200,0.250,0.100,30.00,,0,leadVehicleHardBrake,
56.30,56.30,664.33,50.00,50,false,0.000,0.200,0.250,0.100,30.00,,0,leadVehicleHardBrake,
56.40,56.40,665.72,50.00,50,false,0.000,0.200,0.250,0.100,30.00,,0,leadVehicleHardBrake,
56.50,56.50,667.11,50.00,50,false,0.000,0.200,0.250,0.100,30.00,,0,leadVehicleHardBrake,
56.60,56.60,668.50,50.00,50,false,0.000,0.200,0.250,0.100,30.00,,0,leadVehicleHardBrake,
56.70,56.70,669.89,50.00,50,false,0.000,0.200,0.250,0.100,30.00,,0,leadVehicleHardBrake,
56.80,56.80,671.28,50.00,50,false,0.000,0.200,0.250,0.100,30.00,,0,leadVehicleHardBrake,
56.90,56.90,672.67,50.00,50,false,0.000,0.200,0.250,0.100,30.00,,0,leadVehicleHardBrake,
57.00,57.00,674.06,50.00,50,false,0.000,0.200,0.250,0.100,30.00,,0,leadVehicleHardBrake,
57.10,57.10,675.44,50.00,50,false,0.000,0.200,0.250,0.100,30.00,,0,leadVehicleHardBrake,
57.20,57.20,676.83,50.00,50,false,0.000,0.200,0.250,0.100,30.00,,0,leadVehicleHardBrake,
57.30,57.30,678.22,50.00,50,false,0.000,0.200,0.250,0.100,30.00,,0,leadVehicleHardBrake,
57.40,57.40,679.61,50.00,50,false,0.000,0.200,0.250,0.100,30.00,,0,leadVehicleHardBrake,
57.50,57.50,681.00,50.00,50,false,0.000,0.200,0.000,0.100,30.00,,0,,
57.60,57.60,682.39,50.00,50,false,0.000,0.200,0.000,0.100,30.00,,0,,
57.70,57.70,683.78,50.00,50,false,0.000,0.200,0.000,0.100,30.00,,0,,
57.80,57.80,685.17,50.00,50,false,0.000,0.200,0.000,0.100,30.00,,0,,
57.90,57.90,686.56,50.00,50,false,0.000,0.200,0.000,0.100,30.00,,0,,
58.00,58.00,687.94,50.00,50,false,0.000,0.200,0.000,0.100,30.00,,0,,
58.10,58.10,689.33,50.00,50,false,0.000,0.200,0.000,0.100,30.00,,0,,
58.20,58.20,690.72,50.00,50,false,0.000,0.200,0.000,0.100,30.00,,0,,
58.30,58.30,692.11,50.00,50,false,0.000,0.200,0.000,0.100,30.00,,0,,
58.40,58.40,693.50,50.00,50,false,0.000,0.200,0.000,0.100,30.00,,0,,
58.50,58.50,694.89,50.00,50,false,0.000,0.200,0.000,0.100,30.00,,0,,
58.60,58.60,696.28,50.00,50,false,0.000,0.200,0.000,0.100,30.00,,0,,
58.70,58.70,697.67,50.00,50,false,0.000,0.200,0.000,0.100,30.00,,0,,
58.80,58.80,699.06,50.00,50,false,0.000,0.200,0.000,0.100,30.00,,0,,
58.90,58.90,700.44,50.00,50,false,0.000,0.200,0.000,0.100,30.00,,0,,
59.00,59.00,701.83,50.00,50,false,0.000,0.200,0.000,0.100,30.00,,0,,
59.10,59.10,703.22,50.00,50,false,0.000,0.200,0.000,0.100,30.00,,0,,
59.20,59.20,704.61,50.00,50,false,0.000,0.200,0.000,0.100,30.00,,0,,
59.30,59.30,706.00,50.00,50,false,0.000,0.200,0.000,0.100,30.00,,0,,
59.40,59.40,707.39,50.00,50,false,0.000,0.200,0.000,0.100,30.00,,0,,
59.50,59.50,708.78,50.00,50,false,0.000,0.200,0.000,0.100,30.00,,0,,
59.60,59.60,710.17,50.00,50,false,0.000,0.200,0.000,0.100,30.00,,0,,
59.70,59.70,711.56,50.00,50,false,0.000,0.200,0.000,0.100,30.00,,0,,
59.80,59.80,712.94,50.00,50,false,0.000,0.200,0.000,0.100,30.00,,0,,
59.90,59.90,714.33,50.00,50,false,0.000,0.200,0.000,0.100,30.00,,0,,
60.00,60.00,715.72,50.00,50,false,0.000,0.200,0.000,0.100,30.00,,0,,
60.10,60.10,717.11,50.00,50,false,0.000,0.200,0.000,0.100,30.00,,0,,
60.20,60.20,718.50,50.00,50,false,0.000,0.200,0.000,0.100,30.00,,0,,
60.30,60.30,719.89,50.00,50,false,0.000,0.200,0.000,0.100,30.00,,0,,
60.40,60.40,721.28,50.00,50,false,0.000,0.200,0.000,0.100,30.00,,0,,
60.50,60.50,722.67,50.00,50,false,0.000,0.200,0.000,0.100,30.00,,0,,
60.60,60.60,724.06,50.00,50,false,0.000,0.200,0.000,0.100,30.00,,0,,
60.70,60.70,725.44,50.00,50,false,0.000,0.200,0.000,0.100,30.00,,0,,
60.80,60.80,726.83,50.00,50,false,0.000,0.200,0.000,0.100,30.00,,0,,
60.90,60.90,728.22,50.00,50,false,0.000,0.200,0.000,0.100,30.00,,0,,
61.00,61.00,729.61,50.00,50,false,0.000,0.200,0.000,0.100,30.00,,0,,
61.10,61.10,731.00,50.00,50,false,0.000,0.200,0.000,0.100,30.00,,0,,
61.20,61.20,732.39,50.00,50,false,0.000,0.200,0.000,0.100,30.00,,0,,
61.30,61.30,733.78,50.00,50,false,0.000,0.200,0.000,0.100,30.00,,0,,
61.40,61.40,735.17,50.00,50,false,0.000,0.200,0.000,0.100,30.00,,0,,
61.50,61.50,736.56,50.00,50,false,0.000,0.200,0.000,0.100,30.00,,0,,
61.60,61.60,737.94,50.00,50,false,0.000,0.200,0.000,0.100,30.00,,0,,
61.70,61.70,739.33,50.00,50,false,0.000,0.200,0.000,0.100,30.00,,0,,
61.80,61.80,740.72,50.00,50,false,0.000,0.200,0.000,0.100,30.00,,0,,
61.90,61.90,742.11,50.00,50,false,0.000,0.200,0.000,0.100,30.00,,0,,
62.00,62.00,743.50,50.00,50,false,0.000,0.200,0.000,0.100,30.00,,0,,
62.10,62.10,744.89,50.00,50,false,0.000,0.200,0.000,0.100,30.00,,0,,
62.20,62.20,746.28,50.00,50,false,0.000,0.200,0.000,0.100,30.00,,0,,
62.30,62.30,747.67,50.00,50,false,0.000,0.200,0.000,0.100,30.00,,0,,
62.40,62.40,749.06,50.00,50,false,0.000,0.200,0.000,0.100,30.00,,0,,
62.50,62.50,750.44,50.00,50,false,0.000,0.200,0.000,0.100,30.00,,0,,
62.60,62.60,751.83,50.00,50,false,0.000,0.200,0.000,0.100,30.00,,0,,
62.70,62.70,753.22,50.00,50,false,0.000,0.200,0.000,0.100,30.00,,0,,
62.80,62.80,754.61,50.00,50,false,0.000,0.200,0.000,0.100,30.00,,0,,
62.90,62.90,756.00,50.00,50,false,0.000,0.200,0.000,0.100,30.00,,0,,
63.00,63.00,757.39,50.00,50,false,0.000,0.200,0.000,0.100,30.00,,0,,
63.10,63.10,758.78,50.00,50,false,0.000,0.200,0.000,0.100,30.00,,0,,
63.20,63.20,760.17,50.00,50,false,0.000,0.200,0.000,0.100,30.00,,0,,
63.30,63.30,761.56,50.00,50,false,0.000,0.200,0.000,0.100,30.00,,0,,
63.40,63.40,762.94,50.00,50,false,0.000,0.200,0.000,0.100,30.00,,0,,
63.50,63.50,764.33,50.00,50,false,0.000,0.200,0.000,0.100,30.00,,0,,
63.60,63.60,765.72,50.00,50,false,0.000,0.200,0.000,0.100,30.00,,0,,
63.70,63.70,767.11,50.00,50,false,0.000,0.200,0.000,0.100,30.00,,0,,
63.80,63.80,768.50,50.00,50,false,0.000,0.200,0.000,0.100,30.00,,0,,
63.90,63.90,769.89,50.00,50,false,0.000,0.200,0.000,0.100,30.00,,0,,
64.00,64.00,771.28,50.00,50,false,0.000,0.200,0.000,0.100,30.00,,0,,
64.10,64.10,772.67,50.00,50,false,0.000,0.200,0.000,0.100,30.00,,0,,
64.20,64.20,774.06,50.00,50,false,0.000,0.200,0.000,0.100,30.00,,0,,
64.30,64.30,775.44,50.00,50,false,0.000,0.200,0.000,0.100,30.00,,0,,
64.40,64.40,776.83,50.00,50,false,0.000,0.200,0.000,0.100,30.00,,0,,
64.50,64.50,778.22,50.00,50,false,0.000,0.200,0.000,0.100,30.00,,0,,
64.60,64.60,779.61,50.00,50,false,0.000,0.200,0.000,0.100,30.00,,0,,
64.70,64.70,781.00,50.00,50,false,0.000,0.200,0.000,0.100,30.00,,0,,
64.80,64.80,782.39,50.00,50,false,0.000,0.200,0.000,0.100,30.00,,0,,
64.90,64.90,783.78,50.00,50,false,0.000,0.200,0.000,0.100,30.00,,0,,
65.00,65.00,785.17,50.00,50,false,0.000,0.200,0.000,0.100,30.00,,0,,
65.10,65.10,786.56,50.00,50,false,0.000,0.200,0.000,0.100,30.00,,0,,
65.20,65.20,787.94,50.00,50,false,0.000,0.200,0.000,0.100,30.00,,0,,
65.30,65.30,789.33,50.00,50,false,0.000,0.200,0.000,0.100,30.00,,0,,
65.40,65.40,790.72,50.00,50,false,0.000,0.200,0.000,0.100,30.00,,0,,
65.50,65.50,792.11,50.00,50,false,0.000,0.200,0.000,0.100,30.00,,0,,
65.60,65.60,793.50,50.00,50,false,0.000,0.200,0.000,0.100,30.00,,0,,
65.70,65.70,794.89,50.00,50,false,0.000,0.200,0.000,0.100,30.00,,0,,
65.80,65.80,796.28,50.00,50,false,0.000,0.200,0.000,0.100,30.00,,0,,
65.90,65.90,797.67,50.00,50,false,0.000,0.200,0.000,0.100,30.00,,0,,
66.00,66.00,799.06,50.00,50,false,0.000,0.200,0.000,0.100,30.00,,0,,
66.10,66.10,800.44,50.00,50,false,0.000,0.200,0.000,0.100,30.00,,0,,
66.20,66.20,801.83,50.00,50,false,0.000,0.200,0.000,0.100,30.00,,0,,
66.30,66.30,803.22,50.00,50,false,0.000,0.200,0.000,0.100,30.00,,0,,
66.40,66.40,804.61,50.00,50,false,0.000,0.200,0.000,0.100,30.00,,0,,
66.50,66.50,806.00,50.00,50,false,0.000,0.200,0.000,0.100,30.00,,0,,
66.60,66.60,807.39,50.00,50,false,0.000,0.200,0.000,0.100,30.00,,0,,
66.70,66.70,808.78,50.00,50,false,0.000,0.200,0.000,0.100,30.00,,0,,
66.80,66.80,810.17,50.00,50,false,0.000,0.200,0.000,0.100,30.00,,0,,
66.90,66.90,811.56,50.00,50,false,0.000,0.200,0.000,0.100,30.00,,0,,
67.00,67.00,812.94,50.00,50,false,0.000,0.200,0.000,0.100,30.00,,0,,
67.10,67.10,814.33,50.00,50,false,0.000,0.200,0.000,0.100,30.00,,0,,
67.20,67.20,815.72,50.00,50,false,0.000,0.200,0.000,0.100,30.00,,0,,
67.30,67.30,817.11,50.00,50,false,0.000,0.200,0.000,0.100,30.00,,0,,
67.40,67.40,818.50,50.00,50,false,0.000,0.200,0.000,0.100,30.00,,0,,
67.50,67.50,819.89,50.00,50,false,0.000,0.200,0.000,0.100,30.00,,0,,
67.60,67.60,821.28,50.00,50,false,0.000,0.200,0.000,0.100,30.00,,0,,
67.70,67.70,822.67,50.00,50,false,0.000,0.200,0.000,0.100,30.00,,0,,
67.80,67.80,824.06,50.00,50,false,0.000,0.200,0.000,0.100,30.00,,0,,
67.90,67.90,825.44,50.00,50,false,0.000,0.200,0.000,0.100,30.00,,0,,
68.00,68.00,826.83,50.00,50,false,0.000,0.200,0.000,0.100,30.00,,0,,
68.10,68.10,828.22,50.00,50,false,0.000,0.200,0.000,0.100,30.00,,0,,
68.20,68.20,829.61,50.00,50,false,0.000,0.200,0.000,0.100,30.00,,0,,
68.30,68.30,831.00,50.00,50,false,0.000,0.200,0.000,0.100,30.00,,0,,
68.40,68.40,832.39,50.00,50,false,0.000,0.200,0.000,0.100,30.00,,0,,
68.50,68.50,833.78,50.00,50,false,0.000,0.200,0.000,0.100,30.00,,0,,
68.60,68.60,835.17,50.00,50,false,0.000,0.200,0.000,0.100,30.00,,0,,
68.70,68.70,836.56,50.00,50,false,0.000,0.200,0.000,0.100,30.00,,0,,
68.80,68.80,837.94,50.00,50,false,0.000,0.200,0.000,0.100,30.00,,0,,
68.90,68.90,839.33,50.00,50,false,0.000,0.200,0.000,0.100,30.00,,0,,
69.00,69.00,840.72,50.00,50,false,0.000,0.200,0.000,0.100,30.00,,0,,
69.10,69.10,842.11,50.00,50,false,0.000,0.200,0.000,0.100,30.00,,0,,
69.20,69.20,843.50,50.00,50,false,0.000,0.200,0.000,0.100,30.00,,0,,
69.30,69.30,844.89,50.00,50,false,0.000,0.200,0.000,0.100,30.00,,0,,
69.40,69.40,846.28,50.00,50,false,0.000,0.200,0.000,0.100,30.00,,0,,
69.50,69.50,847.67,50.00,50,false,0.000,0.200,0.000,0.100,30.00,,0,,
69.60,69.60,849.06,50.00,50,false,0.000,0.200,0.000,0.100,30.00,,0,,
69.70,69.70,850.44,50.00,50,false,0.000,0.200,0.000,0.100,30.00,,0,,
69.80,69.80,851.83,50.00,50,false,0.000,0.200,0.000,0.100,30.00,,0,,
69.90,69.90,853.22,50.00,50,false,0.000,0.200,0.000,0.100,30.00,,0,,
70.00,70.00,854.61,50.00,50,false,0.000,0.200,0.000,0.100,30.00,,0,,
70.10,70.10,856.00,50.00,50,false,0.000,0.200,0.000,0.100,30.00,,0,,
70.20,70.20,857.39,50.00,50,false,0.000,0.200,0.000,0.100,30.00,,0,,
70.30,70.30,858.78,50.00,50,false,0.000,0.200,0.000,0.100,30.00,,0,,
70.40,70.40,860.17,50.00,50,false,0.000,0.200,0.000,0.100,30.00,,0,,
70.50,70.50,861.56,50.00,50,false,0.000,0.200,0.000,0.100,30.00,,0,,
70.60,70.60,862.94,50.00,50,false,0.000,0.200,0.000,0.100,30.00,,0,,
70.70,70.70,864.33,50.00,50,false,0.000,0.200,0.000,0.100,30.00,,0,,
70.80,70.80,865.72,50.00,50,false,0.000,0.200,0.000,0.100,30.00,,0,,
70.90,70.90,867.11,50.00,50,false,0.000,0.200,0.000,0.100,30.00,,0,,
71.00,71.00,868.50,50.00,50,false,0.000,0.200,0.000,0.100,30.00,,0,,
71.10,71.10,869.89,50.00,50,false,0.000,0.200,0.000,0.100,30.00,,0,,
71.20,71.20,871.28,50.00,50,false,0.000,0.200,0.000,0.100,30.00,,0,,
71.30,71.30,872.67,50.00,50,false,0.000,0.200,0.000,0.100,30.00,,0,,
71.40,71.40,874.06,50.00,50,false,0.000,0.200,0.000,0.100,30.00,,0,,
71.50,71.50,875.44,50.00,50,false,0.000,0.200,0.000,0.100,30.00,,0,,
71.60,71.60,876.83,50.00,50,false,0.000,0.200,0.000,0.100,30.00,,0,,
71.70,71.70,878.22,50.00,50,false,0.000,0.200,0.000,0.100,30.00,,0,,
71.80,71.80,879.61,50.00,50,false,0.000,0.200,0.000,0.100,30.00,,0,,
71.90,71.90,881.00,50.00,50,false,0.000,0.200,0.000,0.100,30.00,,0,,
72.00,72.00,882.39,50.00,50,false,0.000,0.200,0.000,0.100,30.00,,0,,
72.10,72.10,883.78,50.00,50,false,0.000,0.200,0.000,0.100,30.00,,0,,
72.20,72.20,885.17,50.00,50,false,0.000,0.200,0.000,0.100,30.00,,0,,
72.30,72.30,886.56,50.00,50,false,0.000,0.200,0.000,0.100,30.00,,0,,
72.40,72.40,887.94,50.00,50,false,0.000,0.200,0.000,0.100,30.00,,0,,
72.50,72.50,889.33,50.00,50,false,0.000,0.200,0.000,0.100,30.00,,0,,
72.60,72.60,890.72,50.00,50,false,0.000,0.200,0.000,0.100,30.00,,0,,
72.70,72.70,892.11,50.00,50,false,0.000,0.200,0.000,0.100,30.00,,0,,
72.80,72.80,893.50,50.00,50,false,0.000,0.200,0.000,0.100,30.00,,0,,
72.90,72.90,894.89,50.00,50,false,0.000,0.200,0.000,0.100,30.00,,0,,
73.00,73.00,896.28,50.00,50,false,0.000,0.200,0.000,0.100,30.00,,0,,
73.10,73.10,897.67,50.00,50,false,0.000,0.200,0.000,0.100,30.00,,0,,
73.20,73.20,899.06,50.00,50,false,0.000,0.200,0.000,0.100,30.00,,0,,
73.30,73.30,900.44,50.00,50,false,0.000,0.200,0.000,0.100,30.00,,0,,
73.40,73.40,901.83,50.00,50,false,0.000,0.200,0.000,0.100,30.00,,0,,
73.50,73.50,903.22,50.00,50,false,0.000,0.200,0.000,0.100,30.00,,0,,
73.60,73.60,904.61,50.00,50,false,0.000,0.200,0.000,0.100,30.00,,0,,
73.70,73.70,906.00,50.00,50,false,0.000,0.200,0.000,0.100,30.00,,0,,
73.80,73.80,907.39,50.00,50,false,0.000,0.200,0.000,0.100,30.00,,0,,
73.90,73.90,908.78,50.00,50,false,0.000,0.200,0.000,0.100,30.00,,0,,
74.00,74.00,910.17,50.00,50,false,0.000,0.200,0.000,0.100,30.00,,0,,
74.10,74.10,911.56,50.00,50,false,0.000,0.200,0.000,0.100,30.00,,0,,
74.20,74.20,912.94,50.00,50,false,0.000,0.200,0.000,0.100,30.00,,0,,
74.30,74.30,914.33,50.00,50,false,0.000,0.200,0.000,0.100,30.00,,0,,
74.40,74.40,915.72,50.00,50,false,0.000,0.200,0.000,0.100,30.00,,0,,
74.50,74.50,917.11,50.00,50,false,0.000,0.200,0.000,0.100,30.00,,0,,
74.60,74.60,918.50,50.00,50,false,0.000,0.200,0.000,0.100,30.00,,0,,
74.70,74.70,919.89,50.00,50,false,0.000,0.200,0.000,0.100,30.00,,0,,
74.80,74.80,921.28,50.00,50,false,0.000,0.200,0.000,0.100,30.00,,0,,
74.90,74.90,922.67,50.00,50,false,0.000,0.200,0.000,0.100,30.00,,0,,
75.00,75.00,924.06,50.00,50,false,0.000,0.200,0.000,0.100,30.00,,0,,
75.10,75.10,925.44,50.00,50,false,0.000,0.200,0.000,0.100,30.00,,0,,
75.20,75.20,926.83,50.00,50,false,0.000,0.200,0.000,0.100,30.00,,0,,
75.30,75.30,928.22,50.00,50,false,0.000,0.200,0.000,0.100,30.00,,0,,
75.40,75.40,929.61,50.00,50,false,0.000,0.200,0.000,0.100,30.00,,0,,
75.50,75.50,931.00,50.00,50,false,0.000,0.200,0.000,0.100,30.00,,0,,
75.60,75.60,932.39,50.00,50,false,0.000,0.200,0.000,0.100,30.00,,0,,
75.70,75.70,933.78,50.00,50,false,0.000,0.200,0.000,0.100,30.00,,0,,
75.80,75.80,935.17,50.00,50,false,0.000,0.200,0.000,0.100,30.00,,0,,
75.90,75.90,936.56,50.00,50,false,0.000,0.200,0.000,0.100,30.00,,0,,
76.00,76.00,937.94,50.00,50,false,0.000,0.200,0.000,0.100,30.00,,0,,
76.10,76.10,939.33,50.00,50,false,0.000,0.200,0.000,0.100,30.00,,0,,
76.20,76.20,940.72,50.00,50,false,0.000,0.200,0.000,0.100,30.00,,0,,
76.30,76.30,942.11,50.00,50,false,0.000,0.200,0.000,0.100,30.00,,0,,
76.40,76.40,943.50,50.00,50,false,0.000,0.200,0.000,0.100,30.00,,0,,
76.50,76.50,944.89,50.00,50,false,0.000,0.200,0.000,0.100,30.00,,0,,
76.60,76.60,946.28,50.00,50,false,0.000,0.200,0.000,0.100,30.00,,0,,
76.70,76.70,947.67,50.00,50,false,0.000,0.200,0.000,0.100,30.00,,0,,
76.80,76.80,949.06,50.00,50,false,0.000,0.200,0.000,0.100,30.00,,0,,
76.90,76.90,950.44,50.00,50,false,0.000,0.200,0.000,0.100,30.00,,0,,
77.00,77.00,951.83,50.00,50,false,0.000,0.200,0.000,0.100,30.00,,0,,
77.10,77.10,953.22,50.00,50,false,0.000,0.200,0.000,0.100,30.00,,0,,
77.20,77.20,954.61,50.00,50,false,0.000,0.200,0.000,0.100,30.00,,0,,
77.30,77.30,956.00,50.00,50,false,0.000,0.200,0.000,0.100,30.00,,0,,
77.40,77.40,957.39,50.00,50,false,0.000,0.200,0.000,0.100,30.00,,0,,
77.50,77.50,958.78,50.00,50,false,0.000,0.200,0.000,0.100,30.00,,0,,
77.60,77.60,960.17,50.00,50,false,0.000,0.200,0.000,0.100,30.00,,0,,
77.70,77.70,961.56,50.00,50,false,0.000,0.200,0.000,0.100,30.00,,0,,
77.80,77.80,962.94,50.00,50,false,0.000,0.200,0.000,0.100,30.00,,0,,
77.90,77.90,964.33,50.00,50,false,0.000,0.200,0.000,0.100,30.00,,0,,
78.00,78.00,965.72,50.00,50,false,0.000,0.200,0.000,0.100,30.00,,0,,
78.10,78.10,967.11,50.00,50,false,0.000,0.200,0.000,0.100,30.00,,0,,
78.20,78.20,968.50,50.00,50,false,0.000,0.200,0.000,0.100,30.00,,0,,
78.30,78.30,969.89,50.00,50,false,0.000,0.200,0.000,0.100,30.00,,0,,
78.40,78.40,971.28,50.00,50,false,0.000,0.200,0.000,0.100,30.00,,0,,
78.50,78.50,972.67,50.00,50,false,0.000,0.200,0.000,0.100,30.00,,0,,
78.60,78.60,974.06,50.00,50,false,0.000,0.200,0.000,0.100,30.00,,0,,
78.70,78.70,975.44,50.00,50,false,0.000,0.200,0.000,0.100,30.00,,0,,
78.80,78.80,976.83,50.00,50,false,0.000,0.200,0.000,0.100,30.00,,0,,
78.90,78.90,978.22,50.00,50,false,0.000,0.200,0.000,0.100,30.00,,0,,
79.00,79.00,979.61,50.00,50,false,0.000,0.200,0.000,0.100,30.00,,0,,
79.10,79.10,981.00,50.00,50,false,0.000,0.200,0.000,0.100,30.00,,0,,
79.20,79.20,982.39,50.00,50,false,0.000,0.200,0.000,0.100,30.00,,0,,
79.30,79.30,983.78,50.00,50,false,0.000,0.200,0.000,0.100,30.00,,0,,
79.40,79.40,985.17,50.00,50,false,0.000,0.200,0.000,0.100,30.00,,0,,
79.50,79.50,986.56,50.00,50,false,0.000,0.200,0.000,0.100,30.00,,0,,
79.60,79.60,987.94,50.00,50,false,0.000,0.200,0.000,0.100,30.00,,0,,
79.70,79.70,989.33,50.00,50,false,0.000,0.200,0.000,0.100,30.00,,0,,
79.80,79.80,990.72,50.00,50,false,0.000,0.200,0.000,0.100,30.00,,0,,
79.90,79.90,992.11,50.00,50,false,0.000,0.200,0.000,0.100,30.00,,0,,
80.00,80.00,993.50,50.00,50,false,0.000,0.200,0.000,0.100,30.00,,0,,
80.10,80.10,994.89,50.00,50,false,0.000,0.200,0.000,0.100,30.00,,0,,
80.20,80.20,996.28,50.00,50,false,0.000,0.200,0.000,0.100,30.00,,0,,
80.30,80.30,997.67,50.00,50,false,0.000,0.200,0.000,0.100,30.00,,0,,
80.40,80.40,999.06,50.00,50,false,0.000,0.200,0.000,0.100,30.00,,0,,
80.50,80.50,1000.44,50.00,50,false,0.000,0.200,0.000,0.100,30.00,,0,,
80.60,80.60,1001.83,50.00,50,false,0.000,0.200,0.000,0.100,30.00,,0,,
80.70,80.70,1003.22,50.00,50,false,0.000,0.200,0.000,0.100,30.00,,0,,
80.80,80.80,1004.61,50.00,50,false,0.000,0.200,0.000,0.100,30.00,,0,,
80.90,80.90,1006.00,50.00,50,false,0.000,0.200,0.000,0.100,30.00,,0,,
81.00,81.00,1007.39,50.00,50,false,0.000,0.200,0.000,0.100,30.00,,0,,
81.10,81.10,1008.78,50.00,50,false,0.000,0.200,0.000,0.100,30.00,,0,,
81.20,81.20,1010.17,50.00,50,false,0.000,0.200,0.000,0.100,30.00,,0,,
81.30,81.30,1011.56,50.00,50,false,0.000,0.200,0.000,0.100,30.00,,0,,
81.40,81.40,1012.94,50.00,50,false,0.000,0.200,0.000,0.100,30.00,,0,,
81.50,81.50,1014.33,50.00,50,false,0.000,0.200,0.000,0.100,30.00,,0,,
81.60,81.60,1015.72,50.00,50,false,0.000,0.200,0.000,0.100,30.00,,0,,
81.70,81.70,1017.11,50.00,50,false,0.000,0.200,0.000,0.100,30.00,,0,,
81.80,81.80,1018.50,50.00,50,false,0.000,0.200,0.000,0.100,30.00,,0,,
81.90,81.90,1019.89,50.00,50,false,0.000,0.200,0.000,0.100,30.00,,0,,
82.00,82.00,1021.28,50.00,50,false,0.000,0.200,0.000,0.100,30.00,,0,,
82.10,82.10,1022.67,50.00,50,false,0.000,0.200,0.000,0.100,30.00,,0,,
82.20,82.20,1024.06,50.00,50,false,0.000,0.200,0.000,0.100,30.00,,0,,
82.30,82.30,1025.44,50.00,50,false,0.000,0.200,0.000,0.100,30.00,,0,,
82.40,82.40,1026.83,50.00,50,false,0.000,0.200,0.000,0.100,30.00,,0,,
82.50,82.50,1028.22,50.00,50,false,0.000,0.200,0.000,0.100,30.00,,0,,
82.60,82.60,1029.61,50.00,50,false,0.000,0.200,0.000,0.100,30.00,,0,,
82.70,82.70,1031.00,50.00,50,false,0.000,0.200,0.000,0.100,30.00,,0,,
82.80,82.80,1032.39,50.00,50,false,0.000,0.200,0.000,0.100,30.00,,0,,
82.90,82.90,1033.78,50.00,50,false,0.000,0.200,0.000,0.100,30.00,,0,,
83.00,83.00,1035.17,50.00,50,false,0.000,0.200,0.000,0.100,30.00,,0,,
83.10,83.10,1036.56,50.00,50,false,0.000,0.200,0.000,0.100,30.00,,0,,
83.20,83.20,1037.94,50.00,50,false,0.000,0.200,0.000,0.100,30.00,,0,,
83.30,83.30,1039.33,50.00,50,false,0.000,0.200,0.000,0.100,30.00,,0,,
83.40,83.40,1040.72,50.00,50,false,0.000,0.200,0.000,0.100,30.00,,0,,
83.50,83.50,1042.11,50.00,50,false,0.000,0.200,0.000,0.100,30.00,,0,,
83.60,83.60,1043.50,50.00,50,false,0.000,0.200,0.000,0.100,30.00,,0,,
83.70,83.70,1044.89,50.00,50,false,0.000,0.200,0.000,0.100,30.00,,0,,
83.80,83.80,1046.28,50.00,50,false,0.000,0.200,0.000,0.100,30.00,,0,,
83.90,83.90,1047.67,50.00,50,false,0.000,0.200,0.000,0.100,30.00,,0,,
84.00,84.00,1049.06,50.00,50,false,0.000,0.200,0.000,0.100,30.00,,0,,
84.10,84.10,1050.44,50.00,50,false,0.000,0.200,0.000,0.100,30.00,,0,,
84.20,84.20,1051.83,50.00,50,false,0.000,0.200,0.000,0.100,30.00,,0,,
84.30,84.30,1053.22,50.00,50,false,0.000,0.200,0.000,0.100,30.00,,0,,
84.40,84.40,1054.61,50.00,50,false,0.000,0.200,0.000,0.100,30.00,,0,,
84.50,84.50,1056.00,50.00,50,false,0.000,0.200,0.000,0.100,30.00,,0,,
84.60,84.60,1057.39,50.00,50,false,0.000,0.200,0.000,0.100,30.00,,0,,
84.70,84.70,1058.78,50.00,50,false,0.000,0.200,0.000,0.100,30.00,,0,,
84.80,84.80,1060.17,50.00,50,false,0.000,0.200,0.000,0.100,30.00,,0,,
84.90,84.90,1061.56,50.00,50,false,0.000,0.200,0.000,0.100,30.00,,0,,
85.00,85.00,1062.94,50.00,50,false,0.000,0.200,0.000,0.100,30.00,,0,,
85.10,85.10,1064.33,50.00,50,false,0.000,0.200,0.000,0.100,30.00,,0,,
85.20,85.20,1065.72,50.00,50,false,0.000,0.200,0.000,0.100,30.00,,0,,
85.30,85.30,1067.11,50.00,50,false,0.000,0.200,0.000,0.100,30.00,,0,,
85.40,85.40,1068.50,50.00,50,false,0.000,0.200,0.000,0.100,30.00,,0,,
85.50,85.50,1069.89,50.00,50,false,0.000,0.200,0.000,0.100,30.00,,0,,
85.60,85.60,1071.28,50.00,50,false,0.000,0.200,0.000,0.100,30.00,,0,,
85.70,85.70,1072.67,50.00,50,false,0.000,0.200,0.000,0.100,30.00,,0,,
85.80,85.80,1074.06,50.00,50,false,0.000,0.200,0.000,0.100,30.00,,0,,
85.90,85.90,1075.44,50.00,50,false,0.000,0.200,0.000,0.100,30.00,,0,,
86.00,86.00,1076.83,50.00,50,false,0.000,0.200,0.000,0.100,30.00,,0,,
86.10,86.10,1078.22,50.00,50,false,0.000,0.200,0.000,0.100,30.00,,0,,
86.20,86.20,1079.61,50.00,50,false,0.000,0.200,0.000,0.100,30.00,,0,,
86.30,86.30,1081.00,50.00,50,false,0.000,0.200,0.000,0.100,30.00,,0,,
86.40,86.40,1082.39,50.00,50,false,0.000,0.200,0.000,0.100,30.00,,0,,
86.50,86.50,1083.78,50.00,50,false,0.000,0.200,0.000,0.100,30.00,,0,,
86.60,86.60,1085.17,50.00,50,false,0.000,0.200,0.000,0.100,30.00,,0,,
86.70,86.70,1086.56,50.00,50,false,0.000,0.200,0.000,0.100,30.00,,0,,
86.80,86.80,1087.94,50.00,50,false,0.000,0.200,0.000,0.100,30.00,,0,,
86.90,86.90,1089.33,50.00,50,false,0.000,0.200,0.000,0.100,30.00,,0,,
87.00,87.00,1090.72,50.00,50,false,0.000,0.200,0.000,0.100,30.00,,0,,
87.10,87.10,1092.11,50.00,50,false,0.000,0.200,0.000,0.100,30.00,,0,,
87.20,87.20,1093.50,50.00,50,false,0.000,0.200,0.000,0.100,30.00,,0,,
87.30,87.30,1094.89,50.00,50,false,0.000,0.200,0.000,0.100,30.00,,0,,
87.40,87.40,1096.28,50.00,50,false,0.000,0.200,0.000,0.100,30.00,,0,,
87.50,87.50,1097.67,50.00,50,false,0.000,0.200,0.000,0.100,30.00,,0,,
87.60,87.60,1099.06,50.00,50,false,0.000,0.200,0.000,0.100,30.00,,0,,
87.70,87.70,1100.44,50.00,50,false,0.000,0.200,0.000,0.100,30.00,,0,,
87.80,87.80,1101.83,50.00,50,false,0.000,0.200,0.000,0.100,30.00,,0,,
87.90,87.90,1103.22,50.00,50,false,0.000,0.200,0.000,0.100,30.00,,0,,
88.00,88.00,1104.61,50.00,50,false,0.000,0.200,0.000,0.100,30.00,,0,,
88.10,88.10,1106.00,50.00,50,false,0.000,0.200,0.000,0.100,30.00,,0,,
88.20,88.20,1107.39,50.00,50,false,0.000,0.200,0.000,0.100,30.00,,0,,
88.30,88.30,1108.78,50.00,50,false,0.000,0.200,0.000,0.100,30.00,,0,,
88.40,88.40,1110.17,50.00,50,false,0.000,0.200,0.000,0.100,30.00,,0,,
88.50,88.50,1111.56,50.00,50,false,0.000,0.200,0.000,0.100,30.00,,0,,
88.60,88.60,1112.94,50.00,50,false,0.000,0.200,0.000,0.100,30.00,,0,,
88.70,88.70,1114.33,50.00,50,false,0.000,0.200,0.000,0.100,30.00,,0,,
88.80,88.80,1115.72,50.00,50,false,0.000,0.200,0.000,0.100,30.00,,0,,
88.90,88.90,1117.11,50.00,50,false,0.000,0.200,0.000,0.100,30.00,,0,,
89.00,89.00,1118.50,50.00,50,false,0.000,0.200,0.000,0.100,30.00,,0,,
89.10,89.10,1119.89,50.00,50,false,0.000,0.200,0.000,0.100,30.00,,0,,
89.20,89.20,1121.28,50.00,50,false,0.000,0.200,0.000,0.100,30.00,,0,,
89.30,89.30,1122.67,50.00,50,false,0.000,0.200,0.000,0.100,30.00,,0,,
89.40,89.40,1124.06,50.00,50,false,0.000,0.200,0.000,0.100,30.00,,0,,
89.50,89.50,1125.44,50.00,50,false,0.000,0.200,0.000,0.100,30.00,,0,,
89.60,89.60,1126.83,50.00,50,false,0.000,0.200,0.000,0.100,30.00,,0,,
89.70,89.70,1128.22,50.00,50,false,0.000,0.200,0.000,0.100,30.00,,0,,
89.80,89.80,1129.61,50.00,50,false,0.000,0.200,0.000,0.100,30.00,,0,,
89.90,89.90,1131.00,50.00,50,false,0.000,0.200,0.000,0.100,30.00,,0,,